-- phpMyAdmin SQL Dump
-- version 4.4.10
-- http://www.phpmyadmin.net
--
-- Host: localhost:3306
-- Generation Time: Dec 17, 2016 at 10:41 PM
-- Server version: 5.5.42
-- PHP Version: 5.6.10

SET SQL_MODE = "NO_AUTO_VALUE_ON_ZERO";
SET time_zone = "+00:00";

--
-- Database: `db_project`
--

-- --------------------------------------------------------

--
-- Table structure for table `characters`
--

CREATE TABLE `characters` (
  `id` int(4) NOT NULL,
  `name` varchar(256) DEFAULT NULL,
  `realm` varchar(256) DEFAULT NULL,
  `battlegroup` varchar(256) DEFAULT NULL,
  `class` int(4) DEFAULT NULL,
  `race` int(4) DEFAULT NULL,
  `gender` int(4) DEFAULT NULL,
  `level` int(4) DEFAULT NULL,
  `achievePts` int(4) DEFAULT NULL,
  `faction` int(4) DEFAULT NULL,
  `totalHks` int(4) DEFAULT NULL
) ENGINE=InnoDB AUTO_INCREMENT=65 DEFAULT CHARSET=latin1;

--
-- Dumping data for table `characters`
--

INSERT INTO `characters` (`id`, `name`, `realm`, `battlegroup`, `class`, `race`, `gender`, `level`, `achievePts`, `faction`, `totalHks`) VALUES
(36, 'Remoras', 'Kel''Thuzad', 'Vindication', 11, 4, 0, 110, 8400, 0, 911),
(37, 'Virael', 'Kel''Thuzad', 'Vindication', 4, 1, 1, 110, 13965, 0, 22035),
(38, 'Ozzxd', 'Tichondrius', 'Bloodlust', 7, 2, 1, 110, 16790, 1, 5985),
(39, 'Verelea', 'Barthilas', 'AU/NZ Battle Group', 10, 2, 1, 110, 15465, 1, 45952),
(40, 'Sleepiihead', 'Mal''Ganis', 'Vindication', 7, 2, 1, 110, 11020, 1, 37078),
(41, 'Suchii', 'Illidan', 'Rampage', 11, 6, 1, 110, 11180, 1, 77042),
(42, 'Thugonomicz', 'Tichondrius', 'Bloodlust', 9, 2, 0, 110, 11355, 1, 73577),
(43, 'Smokingnasni', 'Azralon', 'Shadowburn', 2, 10, 1, 110, 3710, 1, 3838),
(44, 'Dotwin', 'Durotan', 'Ruin', 9, 5, 0, 110, 9815, 1, 68157),
(45, 'Bobthehefty', 'Tanaris', 'Shadowburn', 11, 6, 0, 110, 14985, 1, 24154),
(46, 'Gwz', 'Illidan', 'Rampage', 5, 8, 1, 110, 10215, 1, 2622),
(47, 'Lew', 'Mal''Ganis', 'Vindication', 11, 8, 0, 110, 13400, 1, 55773),
(48, 'Cycloneheals', 'Tichondrius', 'Bloodlust', 11, 4, 0, 110, 8325, 0, 48266),
(49, 'Fudgeo', 'Kil''jaeden', 'Bloodlust', 10, 10, 0, 110, 9165, 1, 6303),
(50, 'Guccifam', 'Tichondrius', 'Bloodlust', 8, 2, 1, 110, 9790, 1, 59944),
(51, 'Werdyh', 'Ragnaros', 'Vindication', 1, 2, 0, 110, 3480, 1, 19415),
(52, 'Yatorishino', 'Mannoroth', 'Ruin', 1, 1, 1, 110, 8150, 0, 2952),
(53, 'Solsacra', 'Sargeras', 'Shadowburn', 2, 11, 1, 110, 25215, 0, 125553),
(54, 'Unclefista', 'Frostmourne', 'AU/NZ Battle Group', 10, 11, 0, 110, 15130, 0, 22),
(55, 'Sherebear', 'Kil''jaeden', 'Bloodlust', 10, 26, 0, 110, 15825, 1, 2775),
(56, 'Amy', 'Stormreaver', 'Rampage', 10, 10, 1, 110, 19495, 1, 723),
(57, 'Corgibellies', 'Illidan', 'Rampage', 12, 10, 0, 110, 15680, 1, 127),
(58, 'Knox', 'Arthas', 'Ruin', 6, 2, 0, 110, 17155, 1, 68556),
(59, 'Hypedown', 'Darkspear', 'Cyclone', 6, 2, 0, 110, 9190, 1, 88953),
(60, 'Ballzbandit', 'Mug''thol', 'Reckoning', 4, 2, 0, 110, 11060, 1, 35600),
(61, 'Kulty', 'Ragnaros', 'Vindication', 4, 4, 1, 110, 8480, 0, 19998),
(62, 'Octaviussnk', 'Nemesis', 'Rampage', 1, 1, 0, 110, 15530, 0, 41366),
(63, 'Huggrz', 'Lothar', 'Ruin', 3, 1, 0, 110, 4920, 0, 24995),
(64, 'Eu', 'Barthilas', 'AU/NZ Battle Group', 7, 2, 1, 110, 12590, 1, 11916);

-- --------------------------------------------------------

--
-- Table structure for table `character_items`
--

CREATE TABLE `character_items` (
  `id` int(4) NOT NULL,
  `character_id` int(4) DEFAULT NULL,
  `head` int(4) DEFAULT NULL,
  `neck` int(4) DEFAULT NULL,
  `shoulder` int(4) DEFAULT NULL,
  `back` int(4) DEFAULT NULL,
  `chest` int(4) DEFAULT NULL,
  `wrist` int(4) DEFAULT NULL,
  `hands` int(4) DEFAULT NULL,
  `waist` int(4) DEFAULT NULL,
  `legs` int(4) DEFAULT NULL,
  `feet` int(4) DEFAULT NULL,
  `finger1` int(4) DEFAULT NULL,
  `finger2` int(4) DEFAULT NULL,
  `trinket1` int(4) DEFAULT NULL,
  `trinket2` int(4) DEFAULT NULL,
  `mainHand` int(4) DEFAULT NULL,
  `offHand` int(4) DEFAULT NULL
) ENGINE=InnoDB AUTO_INCREMENT=88 DEFAULT CHARSET=latin1;

--
-- Dumping data for table `character_items`
--

INSERT INTO `character_items` (`id`, `character_id`, `head`, `neck`, `shoulder`, `back`, `chest`, `wrist`, `hands`, `waist`, `legs`, `feet`, `finger1`, `finger2`, `trinket1`, `trinket2`, `mainHand`, `offHand`) VALUES
(59, 36, 139726, 133636, 134702, 135913, 134197, 139730, 137320, 134700, 134701, 141549, 130309, 137438, 129259, 137452, 128306, 0),
(60, 37, 134196, 137311, 139206, 139248, 134285, 134192, 134195, 137409, 134370, 121293, 135682, 134487, 134203, 141482, 128870, 128869),
(61, 38, 134211, 139332, 139217, 138221, 137354, 137102, 137519, 137083, 139216, 138211, 134542, 139238, 137367, 139321, 128935, 128936),
(62, 39, 139204, 141696, 137073, 136892, 134373, 136195, 136189, 136194, 136191, 137324, 136247, 134524, 139322, 139330, 128937, 0),
(63, 40, 135771, 135802, 135773, 135800, 135768, 135775, 138214, 135774, 135772, 133623, 135799, 135795, 135808, 135809, 128911, 128934),
(64, 41, 134240, 133633, 137332, 136896, 136168, 136979, 139242, 136776, 136167, 137324, 136255, 133637, 136257, 136260, 128860, 128859),
(65, 42, 135778, 136250, 139191, 132375, 134219, 139196, 138212, 135782, 134427, 136774, 139237, 137432, 136263, 135810, 128941, 0),
(66, 43, 134511, 134491, 139233, 137530, 134179, 138218, 135746, 137086, 135748, 137334, 133634, 134537, 138222, 139322, 128823, 0),
(67, 44, 137341, 139101, 137360, 139074, 134307, 134222, 133609, 135782, 134218, 136774, 139065, 133638, 136037, 137301, 128942, 0),
(68, 45, 139205, 139239, 134452, 133771, 139208, 137092, 139202, 139198, 139203, 139200, 137532, 139238, 139321, 141482, 128858, 0),
(69, 46, 133971, 136250, 136209, 141543, 126995, 133614, 134420, 135758, 126999, 137319, 136255, 136247, 128709, 138224, 128827, 133958),
(70, 47, 134152, 141473, 135717, 134412, 139071, 135719, 134445, 139198, 139201, 136164, 141533, 135799, 134204, 136259, 128858, 0),
(71, 48, 134152, 136137, 134154, 136135, 137015, 134461, 133617, 139243, 134238, 134369, 135686, 134525, 135699, 136149, 128306, 0),
(72, 49, 139205, 135802, 135966, 135800, 134438, 138219, 135963, 121299, 133616, 139200, 134532, 137438, 137484, 139330, 128937, 0),
(73, 50, 139188, 139239, 139191, 136892, 139246, 139196, 138212, 134171, 139190, 139194, 139237, 138220, 139323, 139321, 128862, 0),
(74, 51, 140005, 139239, 139232, 138221, 139224, 134520, 137060, 134225, 134271, 123911, 138220, 134487, 141482, 139325, 128910, 0),
(75, 52, 139231, 137535, 139232, 136891, 139224, 139235, 134224, 139227, 121280, 134185, 139236, 134539, 133642, 134322, 128908, 134553),
(76, 53, 137065, 134491, 139232, 139248, 139224, 139235, 139225, 139227, 139230, 132443, 139238, 134526, 137539, 133644, 120978, 0),
(77, 54, 139204, 139239, 137332, 137530, 139208, 139738, 137509, 139198, 139203, 139200, 133638, 133679, 133642, 133644, 128940, 133948),
(78, 55, 139205, 134491, 137332, 138221, 137336, 139209, 139202, 138879, 134449, 137028, 130230, 133637, 139322, 138222, 128937, 0),
(79, 56, 134152, 139239, 139206, 137483, 139208, 139209, 139202, 139198, 139203, 134193, 137044, 132452, 138222, 139335, 128938, 0),
(80, 57, 139204, 134491, 134374, 138221, 139208, 139209, 134371, 139197, 134451, 137022, 137038, 139236, 133644, 136975, 127829, 127830),
(81, 58, 137526, 139239, 134517, 134406, 136156, 135711, 134268, 135710, 135708, 137482, 134530, 132452, 136267, 139328, 128402, 0),
(82, 59, 134182, 141438, 134184, 137531, 137527, 132448, 134508, 137499, 137528, 135705, 134530, 134528, 133644, 137406, 128403, 0),
(83, 60, 139205, 137487, 137364, 135800, 139208, 138219, 140996, 121299, 134238, 139199, 139237, 134537, 139329, 137373, 128870, 128869),
(84, 61, 135650, 133636, 139206, 138221, 134373, 135654, 135649, 139197, 134370, 137030, 137049, 135682, 133644, 137419, 128870, 128869),
(85, 62, 139684, 141647, 134517, 136893, 135897, 121228, 135673, 135903, 121668, 140015, 135908, 121722, 135928, 121806, 128910, 0),
(86, 63, 134470, 135685, 135612, 136891, 135607, 135614, 135609, 135613, 133769, 141432, 134530, 134487, 141482, 135696, 128826, 0),
(87, 64, 135771, 137418, 139121, 133771, 134214, 137102, 134467, 134251, 133769, 134465, 134532, 135795, 140030, 137349, 128935, 128936);

-- --------------------------------------------------------

--
-- Table structure for table `classes`
--

CREATE TABLE `classes` (
  `id` int(4) NOT NULL,
  `name` varchar(100) DEFAULT NULL,
  `powerType` varchar(100) DEFAULT NULL
) ENGINE=InnoDB AUTO_INCREMENT=13 DEFAULT CHARSET=latin1;

--
-- Dumping data for table `classes`
--

INSERT INTO `classes` (`id`, `name`, `powerType`) VALUES
(1, 'Hunter', 'focus'),
(2, 'Rogue', 'energy'),
(3, 'Warrior', 'rage'),
(4, 'Paladin', 'mana'),
(5, 'Shaman', 'mana'),
(6, 'Mage', 'mana'),
(7, 'Priest', 'mana'),
(8, 'Death Knight', 'runic-power'),
(9, 'Druid', 'mana'),
(10, 'Demon Hunter', 'fury'),
(11, 'Warlock', 'mana'),
(12, 'Monk', 'energy');

-- --------------------------------------------------------

--
-- Table structure for table `factions`
--

CREATE TABLE `factions` (
  `faction_id` int(11) NOT NULL,
  `name` varchar(11) NOT NULL
) ENGINE=InnoDB DEFAULT CHARSET=latin1;

--
-- Dumping data for table `factions`
--

INSERT INTO `factions` (`faction_id`, `name`) VALUES
(1, 'Horde'),
(0, 'Alliance'),
(2, 'Neutral');

-- --------------------------------------------------------

--
-- Table structure for table `items`
--

CREATE TABLE `items` (
  `id` int(4) DEFAULT NULL,
  `name` varchar(256) DEFAULT NULL,
  `description` varchar(256) DEFAULT NULL,
  `icon` varchar(256) DEFAULT NULL,
  `ilvl` int(4) DEFAULT NULL,
  `quality` int(4) DEFAULT NULL
) ENGINE=InnoDB DEFAULT CHARSET=latin1;

--
-- Dumping data for table `items`
--

INSERT INTO `items` (`id`, `name`, `description`, `icon`, `ilvl`, `quality`) VALUES
(36, 'Worn Mace', '', 'inv_mace_03', 1, 1),
(139726, 'Hood of the Dreamgrove', '', 'inv_leather_druidclass_d_01helm', 810, 3),
(133636, 'Brysngamen, Torc of Helheim', '', 'inv_7_0raid_necklace_13a', 820, 3),
(134702, 'Swarming Shoulders', '', 'inv_shoulder_leather_legionquest100_b_01', 800, 2),
(134197, 'Biornskin Vest', '', 'inv_chest_leather_legionendgame_c_01', 810, 3),
(139730, 'Bracers of the Dreamgrove', '', 'inv_leather_druidclass_d_01bracer', 810, 3),
(137320, 'Gloves of Vile Defiance', '', 'inv_glove_leather_legiondungeon_c_01', 820, 3),
(134700, 'Swarming Belt', '', 'inv_belt_leather_legionquest100_b_01', 800, 2),
(134701, 'Swarming Legguards', '', 'inv_pant_leather_legionquest100_b_01', 800, 2),
(141549, 'Treads of the Receding Nightmare', '', 'inv_boot_leather_legionquest100_b_01', 793, 3),
(137438, 'Band of Decaying Rubies', '', 'item_icecrownringc', 820, 3),
(129259, 'Bane of the Darklady', '', 'inv_misc_trinket6oih_horn2', 793, 3),
(137452, 'Thrumming Gossamer', '', 'inv_misc_web_02', 820, 3),
(134196, 'Biornskin Hood', '', 'inv_helm_leather_legionendgame_c_01', 810, 3),
(137311, 'Chain of the Green Flight', '', 'inv_7_0raid_necklace_12c', 820, 3),
(139206, 'Otherworldy Leather Mantle', '', 'inv_leather_raidrogue_q_01shoulders', 835, 4),
(139248, 'Evergreen Vinewrap Drape', '', 'inv_cape_legionraidmonk_d_01', 835, 4),
(134192, 'Biornskin Bracer', '', 'inv_bracer_leather_legionendgame_c_01', 810, 3),
(134195, 'Biornskin Gloves', '', 'inv_glove_leather_legionendgame_c_01', 810, 3),
(137409, 'Manafang Waistguard', '', 'inv_belt_leather_legiondungeon_c_01', 820, 3),
(134370, 'Felbat Leather Leggings', '', 'inv_pant_leather_legionendgame_c_01', 810, 3),
(121293, 'Dreadhide Boots', '', 'inv_boot_leather_legionendgame_c_01', 810, 3),
(134203, 'Three-Toed Rabbit Foot', '', 'inv_misc_pelt_13', 810, 3),
(141482, 'Unstable Arcanocrystal', '', 'inv_datacrystal04', 860, 4),
(128870, 'The Kingslayers', 'Countless voices hushed, and countless leaders toppled... all at the whim of his foul command. There would be no redemption for these acts, only solitude and sorrow.', 'inv_knife_1h_artifactgarona_d_01', 750, 6),
(128869, 'The Kingslayers', 'It was not a pleasant death. But it was fast, quiet, and efficient. When the orc took his last breath, the wound that killed him became irregular. Nobody would be able to tell whether he had died to a knife, an axe, or a spear.', 'inv_knife_1h_artifactgarona_d_01', 750, 6),
(61, 'Dwarven Leather Pants', '', 'inv_pants_leather_38v2', 3, 1),
(134211, 'Tideskorn Coif', '', 'inv_helmet_mail_legionendgame_c_01', 810, 3),
(139332, 'Blackened Portalstone Necklace', '', 'inv_7_0raid_necklace_07d', 835, 4),
(139217, 'Matted Fur Pauldrons', '', 'inv_shoulder_mail_raidhunter_q_01', 835, 4),
(138221, 'Gossamer-Spun Greatcloak', '', 'inv_cape_leather_raiddruid_q_01', 835, 4),
(137354, 'Tunic of Screaming Earth', '', 'inv_chest_mail_legiondungeon_c_01', 820, 3),
(137519, 'Lavabreaker Gauntlets', '', 'inv_glove_mail_legiondungeon_c_01', 820, 3),
(137083, 'Pristine Proto-Scale Girdle', 'Crafted from a massive proto-dragon scale that appears ancient, yet feels still hot.', 'inv_belt_mail_panda_b_01white', 895, 5),
(139216, 'Disjointed Linkage Leggings', '', 'inv_pant_mail_raidhunter_q_01', 835, 4),
(138211, 'Malignant Sabatons', '', 'inv_boot_mail_raidhunter_q_01', 835, 4),
(134542, 'Jeweled Signet of Melandrus', '', 'inv_70_dungeon_ring7d', 820, 3),
(139238, 'Twice-Warped Azsharan Signet', '', 'inv_70_raid_ring6b', 835, 4),
(137367, 'Stormsinger Fulmination Charge', '', 'inv_7_0raid_trinket_05c', 820, 3),
(139321, 'Swarming Plaguehive', '', 'spell_nature_insect_swarm2', 835, 4),
(139204, 'Mask of Multitudinous Eyes', '', 'inv_leather_raidrogue_q_01helm', 835, 4),
(141696, 'Pendant of Liquid Horror', '', 'inv_7_0raid_necklace_14d', 835, 4),
(134373, 'Felbat Leather Vest', '', 'inv_chest_leather_legionendgame_c_01', 810, 3),
(137324, 'Bleak Underworld Treads', '', 'inv_boot_leather_legiondungeon_c_01', 820, 3),
(134524, 'Band of the Wyrm Matron', '', 'inv_70_dungeon_ring5c', 820, 3),
(139322, 'Cocoon of Enforced Solitude', '', 'inv_misc_web_01', 835, 4),
(139330, 'Heightened Senses', '', 'ability_hunter_aspectoftheviper', 835, 4),
(128937, 'Sheilun, Staff of the Mists', 'You seek the calm, inevitable force of a deep river, the kind that carves canyons into the toughest stone and carries away warriors on its currents without so much as a ripple. Sheilun is the embodiment of that idea.', 'inv_staff_2h_artifactshaohao_d_01', 750, 6),
(138214, 'Gauntlets of the Demented Mind', '', 'inv_glove_mail_raidshaman_q_01', 835, 4),
(133623, 'Felstep Footguards', '', 'inv_boot_mail_legiondungeon_c_01', 820, 3),
(128934, 'Shield of the Sea Queen', 'As the ocean crushed the life from their bodies, ancient creatures stirred in the darkness. Their whispers flowed through the currents. Their powers wrapped tight around the queen and her servants.', 'inv_shield_1h_artifactazshara_d_01', 750, 6),
(134240, 'Brinewashed Leather Cowl', '', 'inv_helm_leather_legionendgame_c_01', 810, 3),
(133633, 'Wolfstride Pendant', '', 'inv_7_0raid_necklace_01b', 820, 3),
(137332, 'Mantle of the Dark Sea', '', 'inv_shoulder_leather_legiondungeon_c_01', 820, 3),
(136979, 'Shorn Batbrood Cuffs', '', 'inv_bracer_leather_legiondungeon_c_01', 820, 3),
(133637, 'Utgarde Royal Signet', '', 'inv_70_dungeon_ring4c', 820, 3),
(128860, 'Fangs of Ashamane', 'The sacrifice of Ashamane is remembered to this day. We live by her grace, and her children still tread the forests with us as our closest companions.', 'inv_knife_1h_artifactfrostsaber_d_01', 750, 6),
(139191, 'Ancient Dreamwoven Mantle', '', 'inv_shoulder_cloth_raidmage_q_01', 835, 4),
(132375, 'Odr, Shawl of the Ymirjar', 'Found pristine under burnt rubble in the village of Ymirheim.', 'inv_misc_cape_cataclysm_tank_b_01', 895, 5),
(134219, 'Bonespeaker Robes', '', 'inv_robe_cloth_legionendgame_c_01', 810, 3),
(139196, 'Ragged Fur Wristwraps', '', 'inv_cloth_raidpriest_q_01_bracer', 835, 4),
(138212, 'Handwraps of Delusional Power', '', 'inv_glove_cloth_raidwarlock_q_01', 835, 4),
(134427, 'Riverrider Legwraps', '', 'inv_pant_cloth_legiondungeon_c_01', 820, 3),
(136774, 'Cushioned Treads of Glory', 'Long vigils require soft shoes.', 'inv_boot_cloth_legiondungeon_c_01', 820, 3),
(139237, 'Dreadful Cyclopean Signet', '', 'inv_70_raid_ring3b', 835, 4),
(137432, 'Ring of Mind-Shielding', '', 'inv_70_dungeon_ring5d', 820, 3),
(134511, 'Subterranean Horror Faceguard', '', 'inv_helm_plate_legiondungeon_c_01', 820, 3),
(134491, 'Understone Gorget', '', 'inv_7_0raid_necklace_13c', 820, 3),
(139233, 'Pauldrons of Shifting Runes', '', 'inv_shoulder_plate_raidpaladinmythic_q_01', 835, 4),
(137530, 'Drape of Vile Misfortune', '', 'inv_cape_leather_legiondungeon_c_01', 820, 3),
(134179, 'Skoldiir Breastplate', '', 'inv_chest_plate_legionendgame_c_01', 810, 3),
(138218, 'Dragonbone Wristclamps', '', 'inv_bracer_plate_raidwarriormythic_q_01', 835, 4),
(137334, 'Salt-Laden Stompers', '', 'inv_boot_plate_legiondungeon_c_01', 820, 3),
(133634, 'Grasping Tentacle Loop', 'Nearly impossible to remove once it latches on.', 'inv_misc_ring_6_0_013', 820, 3),
(134537, 'Signet of the Highborne Magi', '', 'inv_70_dungeon_ring7c', 820, 3),
(138222, 'Vial of Nightmare Fog', '', 'inv_alchemy_enchantedvial', 835, 4),
(128823, 'The Silver Hand', 'Tyr replied that he did not consider his argent hand a reminder of defeat. For him it was a symbol of the sacrifice he had made to defend Azeroth, and he wanted the world to see it that way as well.', 'inv_mace_2h_artifactsilverhand_d_01', 750, 6),
(137360, 'Shoulderpads of Crashing Waves', '', 'inv_shoulder_cloth_legiondungeon_c_01', 820, 3),
(134307, 'Manawracker Vestments', '', 'inv_robe_cloth_legionendgame_c_01', 810, 3),
(134222, 'Bonespeaker Bracers', '', 'inv_bracer_cloth_legionendgame_c_01', 810, 3),
(133609, 'Silken Bloodscent Gloves', '', 'inv_glove_cloth_legiondungeon_c_01', 820, 3),
(134218, 'Bonespeaker Leggings', '', 'inv_pant_cloth_legionendgame_c_01', 810, 3),
(137301, 'Corrupted Starlight', '', 'inv_7_0raid_trinket_010b', 820, 3),
(139205, 'Cowl of Fright', '', 'inv_leather_raiddemonhuntermythic_q_02helm', 835, 4),
(139239, 'Cursed Beartooth Necklace', '', 'inv_7_0raid_necklace_13b', 835, 4),
(134452, 'Epaulets of Dessicated Foliage', '', 'inv_shoulder_leather_legiondungeon_c_01', 820, 3),
(133771, 'Seacursed Wrap', '', 'inv_cape_legiondungeon_c_04', 820, 3),
(139208, 'Scarred Ragefang Chestpiece', '', 'inv_chest_leather_raidmonk_q_01', 835, 4),
(139203, 'Repulsive Leathery Pants', '', 'inv_leather_raiddemonhuntermythic_q_02pants', 835, 4),
(139200, 'Stained Maggot Squishers', '', 'inv_leather_raiddemonhuntermythic_q_02boots', 835, 4),
(137532, 'Seal of Saltheril', '', 'inv_70_dungeon_ring2c', 820, 3),
(128858, 'Scythe of Elune', 'There is power within that would be freed. With balance and control, the wolf may be tamed, but only for a time.', 'inv_staff_2h_artifactelune_d_01', 750, 6),
(141543, 'Drape of the Mana-Starved', '', 'inv_cape_legionraidwarlock_d_01', 860, 4),
(126995, 'Imbued Silkweave Robe', '', 'inv_chest_cloth_legionendgame_c_01', 815, 3),
(133614, 'Frost-Stricken Cuffs', '', 'inv_bracer_cloth_legiondungeon_c_01', 820, 3),
(134420, 'Gloves of the Mountain Conquest', '', 'inv_glove_cloth_legiondungeon_c_01', 820, 3),
(126999, 'Imbued Silkweave Pantaloons', '', 'inv_pant_cloth_legionendgame_c_01', 815, 3),
(137319, 'Paranoid Sprinters', '', 'inv_boot_cloth_legiondungeon_c_01', 820, 3),
(128709, 'Darkmoon Deck: Hellfire', '', '70_inscription_deck_hellfire', 815, 3),
(138224, 'Unstable Horrorslime', '', 'sha_inv_misc_slime_01_nightmare', 835, 4),
(134152, 'Steelgazer Hide Hood', '', 'inv_helm_leather_legionendgame_c_01', 810, 3),
(141473, 'Krakentooth Necklace', '', 'inv_7_0raid_necklace_17a', 860, 4),
(134412, 'Cloak of Unwavering Loyalty', '', 'inv_cape_leather_legiondungeon_c_01', 820, 3),
(139071, 'Tranquil Bough Vest', '', 'inv_chest_leather_legionendgame_c_01', 810, 3),
(134445, 'Frostcarver Grips', '', 'inv_glove_leather_legiondungeon_c_01', 820, 3),
(139201, 'Splotched Bloodfur Leggings', '', 'inv_leather_raidrogue_q_01pants', 835, 4),
(141533, 'Ring of Frozen Magic', '', 'inv_70_raid_ring2d', 860, 4),
(134204, 'Bleached Skull Talisman', '', 'inv_weapon_crossbow_22', 810, 3),
(134154, 'Steelgazer Hide Mantle', '', 'inv_shoulder_leather_legionendgame_c_01', 810, 3),
(137015, 'Ekowraith, Creator of Worlds', 'We could not only evoke, but conjure a place of our own. And everywhere that has ever existed is all on the surface of our dream. Now please, hear what I hear.', 'inv_chest_leather_13', 895, 5),
(134461, 'Thermal Bindings', '', 'inv_bracer_leather_legiondungeon_c_01', 820, 3),
(133617, 'Cruel Vice Grips', '', 'inv_glove_leather_legiondungeon_c_01', 820, 3),
(134238, 'Brinewashed Leather Pants', '', 'inv_pant_leather_legionendgame_c_01', 810, 3),
(134369, 'Felbat Leather Boots', '', 'inv_boot_leather_legionendgame_c_01', 810, 3),
(134525, 'Seal of the Nazjatar Empire', '', 'inv_70_dungeon_ring4a', 820, 3),
(134438, 'Tunic of the Pitiless Monstrosity', '', 'inv_chest_leather_legiondungeon_c_01', 820, 3),
(138219, 'Dragonspur Wristguards', '', 'inv_bracer_leather_raiddruid_q_01', 835, 4),
(121299, 'Dreadhide Girdle', '', 'inv_belt_leather_legionendgame_c_01', 810, 3),
(133616, 'Legwraps of Unworthy Souls', '', 'inv_pant_leather_legiondungeon_c_01', 820, 3),
(134532, 'Band of Fused Coral', '', 'inv_70_dungeon_ring6d', 820, 3),
(137484, 'Flask of the Solemn Night', '', 'inv_alchemy_crystalvial', 820, 3),
(139188, 'Celestially Aligned Hood', '', 'inv_cloth_raidpriest_q_01_helm', 835, 4),
(139246, 'Ravencourt Formal Robes', '', 'inv_robe_cloth_legiondungeon_c_01', 820, 3),
(134171, 'Roggthread Cord', '', 'inv_belt_cloth_legionendgame_c_01', 810, 3),
(139190, 'Ragged Horrorweave Leggings', '', 'inv_pant_cloth_raidwarlock_q_01', 835, 4),
(139194, 'Cozy Dryad Hoof-Socks', '', 'inv_cloth_raidpriest_q_01_boot', 835, 4),
(138220, 'Mindrend Band', '', 'inv_70_raid_ring8a', 835, 4),
(139323, 'Twisting Wind', '', 'ability_druid_cyclone', 835, 4),
(140005, 'Impenetrable Faceplate', '', 'inv_helm_plate_legionendgame_c_01', 840, 3),
(139224, 'Insect-Etched Chestplate', '', 'inv_chest_plate_raidpaladinmythic_q_01', 835, 4),
(134520, 'Thornscar Wristguards', '', 'inv_bracer_plate_legiondungeon_c_01', 820, 3),
(134225, 'Coralplate Girdle', '', 'inv_belt_plate_legionendgame_c_01', 810, 3),
(123911, 'Demonsteel Boots', '', 'inv_boot_plate_legionendgame_c_01', 815, 3),
(139325, 'Spontaneous Appendages', '', 'achievement_boss_yoggsaron_01', 835, 4),
(139231, 'Crown of Steely Brambles', '', 'inv_helm_plate_raidpaladinmythic_q_01', 835, 4),
(137535, 'Lavadrip Pendant', '', 'inv_neck_firelands_03', 820, 3),
(139235, 'Wristclamps of Mad Dreams', '', 'inv_bracer_plate_raiddeathknight_q_01', 835, 4),
(134224, 'Coralplate Gauntlets', '', 'inv_glove_plate_legionendgame_c_01', 810, 3),
(139227, 'Waistplate of Nameless Horror', '', 'inv_belt_plate_raiddeathknight_q_01', 835, 4),
(121280, 'Wracksoul Legplates', '', 'inv_pant_plate_legionendgame_c_01', 810, 3),
(134185, 'Skoldiir Sabatons', '', 'inv_boot_plate_legionendgame_c_01', 810, 3),
(139236, 'Grubby Silver Ring', '', 'inv_70_raid_ring1b', 835, 4),
(133642, 'Horn of Valor', 'The strongest Vrykul are awaited by Odyn at the Halls of Valor, to become Valarjar. They fight eternal, shiny and gold.', 'inv_misc_horn_03', 820, 3),
(134322, 'Drained Mana Crystal', 'No more mana, but still packs a wallop.', 'item_cutmetagemb', 810, 3),
(137065, 'Justice Gaze', 'This helm was once worn by Highlord Alexandros Mograine, and had things gone differently, would have been passed on to his sons, Renault and Darion Morgraine.', 'inv_helmet_134', 895, 5),
(139225, 'Fitted Ironbark Gauntlets', '', 'inv_glove_plate_raidwarriormythic_q_01', 835, 4),
(139230, 'Storm-Battered Legplates', '', 'inv_pant_plate_raiddeathknight_q_01', 835, 4),
(134526, 'Gnawed Thumb Ring', '', 'inv_70_dungeon_ring6a', 820, 3),
(137539, 'Faulty Countermeasure', '', 'inv_spiritshard_02', 820, 3),
(133644, 'Memento of Angerboda', '', 'inv_jewelry_trinket_05', 820, 3),
(120978, 'Ashbringer', 'So it was that over the course of time, the man and the weapon seemed as one. Ashbringer became a name of legend, attributed not just to the fearsome blade but also to the relentless knight who wielded it.', 'inv_sword_2h_artifactashbringer_d_01', 750, 6),
(128940, 'Fists of the Heavens', 'When Irmaat hefted his two weapons and tested the power within them, uncontrollable fury spilled forth.', 'inv_hand_1h_artifactskywall_d_01', 750, 6),
(137336, 'Vest of Rupturing Diamonds', '', 'inv_chest_leather_legiondungeon_c_01', 820, 3),
(139209, 'Wristwraps of Broken Trust', '', 'inv_leather_raiddemonhuntermythic_q_02bracer', 835, 4),
(134449, 'Bloodclaw Leggings', '', 'inv_pant_leather_legiondungeon_c_01', 820, 3),
(130230, 'Maelstrom Band', '', 'inv_jewelcrafting_70_maxlvlring_blue', 815, 3),
(79, 'Dwarven Cloth Britches', '', 'inv_pants_cloth_41v4', 3, 1),
(137483, 'Cape of the Duskwatch', '', 'inv_cape_leather_legiondungeon_c_01', 820, 3),
(134193, 'Biornskin Moccasins', '', 'inv_boot_leather_legionendgame_c_01', 810, 3),
(139335, 'Grotesque Statuette', '', 'inv_qirajidol_strife', 835, 4),
(80, 'Soft Fur-Lined Shoes', '', 'inv_boots_09', 5, 1),
(134374, 'Felbat Leather Pauldrons', '', 'inv_shoulder_leather_legionendgame_c_01', 810, 3),
(134371, 'Felbat Leather Gloves', '', 'inv_glove_leather_legionendgame_c_01', 810, 3),
(139197, 'Lifeless Buckled Girdle', '', 'inv_belt_leather_raidmonk_q_01', 835, 4),
(134451, 'Legguards of Endless Horrors', '', 'inv_pant_leather_legiondungeon_c_01', 820, 3),
(137038, 'Anger of the Half-Giants', 'Those oversized Vrykul are not the first thing you want to run into in Northrend. Try the undead of Borean Tundra instead.', 'inv_60pvp_ring1a', 895, 5),
(136975, 'Hunger of the Pack', '', 'ability_warrior_bloodnova', 820, 3),
(127829, 'Twinblades of the Deceiver', 'Make examples of those foolish enough to oppose you, and the rest of their kind will grovel at your feet.', 'inv_glaive_1h_artifactazgalor_d_01', 750, 6),
(127830, 'Twinblades of the Deceiver', 'The end has come! Let the unravelling of this world commence!', 'inv_glaive_1h_artifactazgalor_d_01', 750, 6),
(137526, 'Crown of Ash', '', 'inv_helm_plate_legiondungeon_c_01', 820, 3),
(134517, 'Tremorguard Pauldrons', '', 'inv_shoulder_plate_legiondungeon_c_01', 820, 3),
(134406, 'Mainsail Cloak', '', 'inv_cape_legiondungeon_c_04', 820, 3),
(134530, 'Loop of Vitriolic Intent', '', 'inv_70_dungeon_ring6b', 820, 3),
(134182, 'Skoldiir Helm', '', 'inv_helm_plate_legionendgame_c_01', 810, 3),
(141438, 'Pendant of Cold Flame', '', 'inv_7_0raid_necklace_16d', 860, 4),
(134184, 'Skoldiir Shoulderguards', '', 'inv_shoulder_plate_legionendgame_c_01', 810, 3),
(137531, 'Cloak of Enthralling Darkness', '', 'inv_cape_legiondungeon_c_04', 820, 3),
(137527, 'Polished Jade Chestguard', '', 'inv_chest_plate_legiondungeon_c_01', 820, 3),
(134508, 'Stormwake Handguards', '', 'inv_glove_plate_legiondungeon_c_01', 820, 3),
(137499, 'Roaring Breeze Waistguard', '', 'inv_belt_plate_legiondungeon_c_01', 820, 3),
(137528, 'Legguards of Illusory Burdens', '', 'inv_pant_plate_legiondungeon_c_01', 820, 3),
(134528, 'Band of Callous Dominance', '', 'inv_70_dungeon_ring2d', 820, 3),
(137406, 'Terrorbound Nexus', '', 'inv_7_0raid_trinket_02b', 820, 3),
(128403, 'Apocalypse', 'It shall sow destruction and war. Famine and death. It shall tempt with power, and then bring an end to all life.', 'inv_sword_2h_artifactsoulrend_d_01', 750, 6),
(60, 'Layered Tunic', '', 'inv_chest_leather_09', 5, 1),
(137487, 'Strand of the Stars', '', 'inv_7_0raid_necklace_12b', 820, 3),
(137364, 'Crashing Oceantide Mantle', '', 'inv_shoulder_leather_legiondungeon_c_01', 820, 3),
(140996, 'Grips of Silent Screams', '', 'inv_glove_leather_raidmonk_q_01', 845, 4),
(139199, 'Boots of Endless Betrayal', '', 'inv_leather_raidrogue_q_01boots', 835, 4),
(139329, 'Bloodthirsty Instinct', '', 'ability_druid_primaltenacity', 835, 4),
(137373, 'Tempered Egg of Serpentrix', '', 'creatureportrait_twilightshammer_dragonegg_red_01', 820, 3),
(137049, 'Insignia of Ravenholdt', 'An insignia only given to those who have demonstrated mastery of the shadows, and killed in service to Ravenholdt.', 'inv_misc_epicring_a2', 895, 5),
(137419, 'Chrono Shard', '', 'inv_7_0raid_trinket_05a', 820, 3),
(85, 'Dirty Leather Vest', '', 'inv_shirt_07', 5, 1),
(141647, 'Medallion of Morashu', '', 'inv_7_0raid_necklace_07c', 783, 2),
(121228, 'Jandvik Vambraces', '', 'inv_bracer_plate_legionendgame_c_01', 790, 3),
(121668, 'Thunderpeak Legguards', '', 'inv_pant_plate_legionquest100_b_01', 775, 2),
(140015, 'Scavenged Felsoul Sabatons', '', 'inv_boot_plate_legionendgame_c_01', 800, 3),
(121722, 'Staunch Warbrave Loop', '', 'inv_70_quest_ring1b', 775, 2),
(121806, 'Mountain Rage Shaker', '', 'inv_mace_2h_cataclysm_b_01', 800, 3),
(134470, 'Mountain Throne Coif', '', 'inv_helm_mail_legiondungeon_c_01', 820, 3),
(133769, 'Tempered Seaborne Leggings', '', 'inv_pant_mail_legiondungeon_c_01', 820, 3),
(141432, 'Frostburned Sabatons', '', 'inv_boot_mail_raidhunter_q_01', 860, 4),
(137418, 'Erratically Ticking Talisman', '', 'inv_7_0raid_necklace_10d', 820, 3),
(139121, 'Skyhorn Mantle', '', 'inv_shoulder_mail_legionquest100_b_01', 810, 3),
(134214, 'Tideskorn Vest', '', 'inv_chest_mail_legionendgame_c_01', 810, 3),
(134467, 'Nether Mindsnappers', '', 'inv_glove_mail_legiondungeon_c_01', 820, 3),
(134465, 'Hydra Scale Sabatons', '', 'inv_boot_mail_legiondungeon_c_01', 820, 3),
(140030, 'Devilsaur Shock-Baton', '', 'inv_rod_enchantedcobalt', 820, 3),
(135771, 'Vindictive Gladiator''s Ringmail Helm', '', 'inv_helm_mail_raidshaman_q_01', 805, 3),
(135802, 'Vindictive Gladiator''s Choker', '', 'inv_7_0raid_necklace_15a', 805, 3),
(137073, 'Unison Spaulders', 'Every place you''ve ever imagined- it is real. It is a fictional city in your mind and you know every corner of it. Your mind is a world. Each of us is a place.', 'inv_shoulder_51', 895, 5),
(135773, 'Vindictive Gladiator''s Ringmail Spaulders', '', 'inv_shoulder_mail_raidshaman_q_01', 805, 3),
(134285, 'Swordsinger''s Vest', '', 'inv_chest_leather_legionendgame_c_01', 810, 3),
(135768, 'Vindictive Gladiator''s Ringmail Armor', '', 'inv_robe_mail_raidshaman_q_01', 805, 3),
(136168, 'Vindictive Gladiator''s Dragonhide Robe', '', 'inv_chest_leather_raiddruidmythic_q_01', 805, 3),
(135913, 'Vindictive Combatant''s Drape of the Tracker', '', 'inv_cape_legionhonor_d_02', 805, 3),
(136892, 'Vindictive Gladiator''s Demonthread Cloak', '', 'inv_cape_leather_raiddemonhuntermythic_q_02', 805, 3),
(135800, 'Vindictive Gladiator''s Drape of the Tracker', '', 'inv_cape_raidhunter_q_01', 805, 3),
(136896, 'Vindictive Gladiator''s Demonthread Cloak', '', 'inv_cape_leather_raiddemonhuntermythic_q_02', 805, 3),
(137102, 'Al''Akir''s Acrimony', 'Lightning still courses through these bindings. Your power feels infinite and ever increasing...', 'inv_bracer_plate_pvpdeathknight_e_01', 895, 5),
(136195, 'Vindictive Gladiator''s Ironskin Wristguards', '', 'inv_bracer_leather_raidmonkmythic_q_01', 805, 3),
(135775, 'Vindictive Gladiator''s Ringmail Armband', '', 'inv_bracer_mail_raidshaman_q_01', 805, 3),
(136194, 'Vindictive Gladiator''s Ironskin Belt', '', 'inv_belt_leather_raidmonkmythic_q_01', 805, 3),
(135774, 'Vindictive Gladiator''s Ringmail Clasp', '', 'inv_belt_mail_raidshaman_q_01', 805, 3),
(136776, 'Bjorn''s Hunting Strap', '', 'inv_belt_leather_legiondungeon_c_01', 820, 3),
(136191, 'Vindictive Gladiator''s Ironskin Legguards', '', 'inv_pant_leather_raidmonkmythic_q_01', 805, 3),
(135772, 'Vindictive Gladiator''s Ringmail Kilt', '', 'inv_robe_mail_raidshaman_q_01', 805, 3),
(136167, 'Vindictive Gladiator''s Dragonhide Legguards', '', 'inv_pants_leather_raiddruidmythic_q_01', 805, 3),
(130309, 'Band of Malorne''s Chosen', '', 'inv_70_quest_ring6a', 779, 2),
(135682, 'Vindictive Gladiator''s Ring', '', 'inv_70_pvp_ring1b', 805, 3),
(136247, 'Vindictive Gladiator''s Ring', '', 'inv_70_pvp_ring2d', 805, 3),
(135799, 'Vindictive Gladiator''s Band', '', 'inv_70_pvp_ring1c', 805, 3),
(136255, 'Vindictive Gladiator''s Signet', '', 'inv_70_pvp_ring2b', 805, 3),
(134487, 'Arch-Druid''s Tainted Seal', '', 'inv_70_dungeon_ring2a', 820, 3),
(135795, 'Vindictive Gladiator''s Ring', '', 'inv_70_pvp_ring1b', 805, 3),
(135808, 'Vindictive Gladiator''s Emblem of Tenacity', '', 'spell_holy_championsbond', 805, 3),
(136257, 'Vindictive Gladiator''s Accolade of Conquest', '', 'spell_holy_championsbond', 805, 3),
(135809, 'Vindictive Gladiator''s Emblem of Meditation', '', 'spell_holy_championsbond', 805, 3),
(136260, 'Vindictive Gladiator''s Emblem of Tenacity', '', 'spell_holy_championsbond', 805, 3),
(128306, 'G''Hanir, the Mother Tree', 'At the beginning, there was a source of healing and balance, a place where all life could rest and revive.', 'inv_staff_2h_artifactnordrassil_d_01', 750, 6),
(128935, 'The Fist of Ra-den', 'To seal Al''Akir''s demise, Master Ra slammed his fist into the mountaintop. The heavens split wide, and all the fire and fury they contained crashed down atop the Windlord''s head.', 'inv_hand_1h_artifactstormfist_d_01', 750, 6),
(128911, 'Sharas''dal, Scepter of Tides', 'They drifted into the abyss, but Azshara and her Highborne remained unbroken. The darkness around them was absolute, and so the queen willed Sharas''dal to bring them light...', 'inv_mace_1h_artifactazshara_d_01', 750, 6),
(0, '', '', '', 0, 0),
(128936, 'The Highkeeper''s Ward', 'Ra and Helya crafted a shield, the Highkeeper''s Ward, to act as a key to the Elemental Plane. It thrummed with the energies of the four elements, which Ra could call upon whenever he desired.', 'inv_shield_1h_artifactstormfist_d_01', 750, 6),
(128859, 'Fangs of Ashamane', 'She ripped through the demons'' ranks and then disappeared into the trees. She crept along the high branches and dove down upon the Legion commanders. She was a terror, a fearsome beast, and she held nothing back, offering no mercy.', 'inv_knife_1h_artifactfrostsaber_d_01', 750, 6),
(135778, 'Vindictive Gladiator''s Felweave Cowl', '', 'inv_helm_cloth_raidwarlock_q_01', 805, 3),
(137341, 'Cragshaper''s Fitted Hood', '', 'inv_helm_cloth_legiondungeon_c_01', 820, 3),
(133971, 'Zenk''aram, Iridi''s Anadem', 'Constructed from the finest felcloth, Iridi drew power from this anadem to defeat Dargonax.', 'inv_helm_robe_raidwarlock_j_01', 895, 5),
(135650, 'Vindictive Gladiator''s Leather Helm', '', 'inv_leather_raidrogue_q_01helm', 805, 3),
(139684, 'Battlelord''s Greathelm', '', 'inv_plate_warriorclass_d_01helm', 810, 3),
(136250, 'Vindictive Gladiator''s Pendant', '', 'inv_7_0raid_necklace_05b', 805, 3),
(139101, 'An''she''s Pendant', '', 'inv_7_0raid_necklace_02b', 810, 3),
(136137, 'Vindictive Gladiator''s Pendant', '', 'inv_7_0raid_necklace_05b', 805, 3),
(135685, 'Vindictive Gladiator''s Pendant', '', 'inv_7_0raid_necklace_15b', 805, 3),
(136156, 'Vindictive Gladiator''s Dreadplate Chestpiece', '', 'inv_chest_plate_raiddeathknightmythic_q_01', 805, 3),
(135897, 'Vindictive Combatant''s Plate Chestpiece', '', 'inv_chest_plate_legionhonor_d_01', 805, 3),
(135607, 'Vindictive Gladiator''s Chain Armor', '', 'inv_chest_mail_raidhunter_q_01', 805, 3),
(139074, 'Dreamwalker''s Cloak', '', 'inv_cape_mail_legionquest100_b_01', 810, 3),
(136135, 'Vindictive Gladiator''s Dragonhide Cloak', '', 'inv_cape_leather_raiddruidmythic_q_01', 805, 3),
(136891, 'Vindictive Gladiator''s Demonthread Cloak', '', 'inv_cape_leather_raiddemonhuntermythic_q_02', 805, 3),
(136893, 'Vindictive Combatant''s Demonthread Cloak', '', 'inv_cape_legionhonor_d_01', 805, 3),
(137092, 'Oneth''s Intuition', 'Aglaya would have called it Oneth''s Overconfidence.', 'inv_bracer_40', 895, 5),
(135719, 'Vindictive Gladiator''s Dragonhide Wristguards', '', 'inv_bracer_leather_raiddruid_q_01', 805, 3),
(139738, 'Grandmaster''s Cuffs', '', 'inv_leather_monkclass_d_01bracer', 810, 3),
(135711, 'Vindictive Gladiator''s Dreadplate Wristplates', '', 'inv_bracer_plate_raiddeathknight_q_01', 805, 3),
(132448, 'The Instructor''s Fourth Lesson', 'Thought to be given by Razuvious to his most gifted acolytes, it is unclear how this band escaped the walls of Naxxramas. Could the Lich King have sent his own agents to the Broken Isles?', 'inv_bracer_26b', 895, 5),
(135654, 'Vindictive Gladiator''s Leather Wristguards', '', 'inv_leather_raidrogue_q_01bracer', 805, 3),
(135614, 'Vindictive Gladiator''s Chain Armband', '', 'inv_bracer_mail_raidhunter_q_01', 805, 3),
(135782, 'Vindictive Gladiator''s Felweave Cord', '', 'inv_belt_cloth_raidwarlock_q_01', 805, 3),
(137086, 'Chain of Thrayn', 'The prayer of an ancient Valhalas champion resonates through the links: ''If you stand in the light, you will never stand alone.''', 'inv_belt_leather_firelandsdruid_d_01', 895, 5),
(139198, 'Forest-Lord''s Waistwrap', '', 'inv_belt_leather_raiddruid_q_01', 835, 4),
(135758, 'Vindictive Gladiator''s Satin Cord', '', 'inv_cloth_raidpriest_q_01_belt', 805, 3),
(139243, 'Raven''s Veil Belt', '', 'inv_belt_leather_legiondungeon_c_01', 820, 3),
(138879, 'Ovyd''s Winter Wrap', 'The philosopher Ovyd is recounted in history as one of the few Vrykul that spurned the sword, opting instead to use the spoken word.', 'inv_belt_leather_raiddruid_i_01', 895, 5),
(135710, 'Vindictive Gladiator''s Dreadplate Girdle', '', 'inv_belt_plate_raiddeathknight_q_01', 805, 3),
(135903, 'Vindictive Combatant''s Plate Girdle', '', 'inv_belt_plate_legionhonor_d_01', 805, 3),
(135613, 'Vindictive Gladiator''s Chain Clasp', '', 'inv_belt_mail_raidhunter_q_01', 805, 3),
(134251, 'Sea Stalker''s Cinch', '', 'inv_belt_mail_legionendgame_c_01', 810, 3),
(135748, 'Vindictive Gladiator''s Scaled Legguards', '', 'inv_pant_plate_raidpaladinmythic_q_01', 805, 3),
(134271, 'Arcane Defender''s Pants', '', 'inv_pant_plate_legionendgame_c_01', 810, 3),
(135708, 'Vindictive Gladiator''s Dreadplate Legguards', '', 'inv_pant_plate_raiddeathknight_q_01', 805, 3),
(136164, 'Vindictive Gladiator''s Dragonhide Moccasins', '', 'inv_boots_leather_raiddruidmythic_q_01', 805, 3),
(132443, 'Aggramar''s Stride', 'Time and space are one. To a watcher of the universe, distance is nearly meaningless.', 'inv_boots_plate_raidpaladin_i_01', 895, 5),
(137028, 'Ei''thas, Lunar Glides of Eramas', 'Eramas Brightblaze always remarked how comfortable these were.', 'inv_boots_mail_04black', 895, 5),
(137022, 'Loramus Thalipedes'' Sacrifice', 'These boots are the only thing that remained after the Stone Knife of Sealing trapped Rakh''likh within Loramus the Defiled''s body.', 'inv_boot_leather_raiddruid_k_01', 895, 5),
(137482, 'Duskwatch Guard''s Boots', '', 'inv_boot_plate_legiondungeon_c_01', 820, 3),
(135705, 'Vindictive Gladiator''s Dreadplate Sabatons', '', 'inv_boot_plate_raiddeathknight_q_01', 805, 3),
(137030, 'Duskwalker''s Footpads', 'If an SI:7 agent like Caelvana has you in her sights, you''d better run. You better run far, and you better do it quickly.', 'inv_boots_leather_8', 895, 5),
(139065, 'Dreamwalker'' s Band', '', 'inv_70_quest_ring8a', 810, 3),
(135686, 'Vindictive Gladiator''s Band', '', 'inv_70_pvp_ring1c', 805, 3),
(133638, 'Woe-Bearer''s Band', '', 'inv_70_dungeon_ring5a', 820, 3),
(137044, 'Jewel of the Lost Abbey', 'Originally a gift from the mage, Veri''thas, this trinket was allegedly stolen from the Lost Abbey after a conflict between the monks and the elves.', 'inv_jewelry_ring_138', 895, 5),
(135908, 'Vindictive Combatant''s Ring', '', 'inv_70_pvp_ring3c', 805, 3),
(136263, 'Vindictive Gladiator''s Accolade of Dominance', '', 'spell_holy_championsbond', 805, 3),
(136037, 'Vindictive Combatant''s Accolade of Dominance', '', 'spell_holy_championsbond', 805, 3),
(135699, 'Vindictive Gladiator''s Insignia of Dominance', '', 'spell_holy_championsbond', 805, 3),
(136267, 'Vindictive Gladiator''s Insignia of Victory', '', 'spell_holy_championsbond', 805, 3),
(135928, 'Vindictive Combatant''s Insignia of Victory', '', 'spell_holy_championsbond', 805, 3),
(135810, 'Vindictive Gladiator''s Badge of Dominance', '', 'spell_holy_championsbond', 805, 3),
(136259, 'Vindictive Gladiator''s Emblem of Cruelty', '', 'spell_holy_championsbond', 805, 3),
(136149, 'Vindictive Gladiator''s Badge of Dominance', '', 'spell_holy_championsbond', 805, 3),
(139328, 'Ursoc''s Rending Paw', '', 'ability_druid_swipe', 835, 4),
(135696, 'Vindictive Gladiator''s Emblem of Meditation', '', 'spell_holy_championsbond', 805, 3),
(137349, 'Naraxas'' Spiked Tongue', 'This thing is enormous. It must weigh a tongue!', 'inv_qiraj_skinsandworm', 820, 3),
(128941, 'Scepter of Sargeras', 'When at last the moment arrived for Ner''zhul to act, he did so with wild abandon, heedless of the consequences. It mattered not to him if Draenor was destroyed; in fact, he welcomed it as part of his legacy.', 'inv_staff_2h_artifactsargeras_d_01', 750, 6),
(128942, 'Ulthalesh, the Deadwind Harvester', 'The scythe''s master will either overcome Sataiel or be consumed, which will only make the blade more powerful. And then another bearer will take their place. And another.', 'inv_staff_2h_artifactdeadwind_d_01', 750, 6),
(128827, 'Xal''atath, Blade of the Black Empire', 'Xal''atath has a mind of its own. Ignore its maddening whispers. Do not trust the lies it spins. Take from it what you need, but always remember that the dark presence in the blade is not your ally.', 'inv_knife_1h_artifactcthun_d_01', 750, 6),
(128862, 'Ebonchill', 'Ebonchill contained only a sliver of Alodi''s might, but even that was more than most magi could ever hope of wielding.', 'inv_staff_2h_artifactantonidas_d_01', 750, 6),
(128910, 'Strom''kar, the Warbreaker', 'The steel of the barbarian king shall strike the final blow. It shall silence the din of battle, and bring the first kingdom into an age of peace.', 'inv_sword_2h_artifactarathor_d_01', 750, 6),
(128908, 'Warswords of the Valarjar', 'Helya''s betrayal shall never be forgiven. Let her rot beneath the waves, far from the Halls of Valor.', 'inv_sword_1h_artifactvigfus_d_01', 750, 6),
(128938, 'Fu Zan, the Wanderer''s Companion', 'From the beginning, this staff has accompanied legendary creatures and immortal spirits as they carried out important, lasting work all across Azeroth.', 'inv_staff_2h_artifactmonkeyking_d_01', 750, 6),
(128402, 'Maw of the Damned', 'The Maw''s thirst is unquenchable. If it is not fed fresh victims, it will not hesitate to drink from its wielder instead.', 'inv_axe_2h_artifactmaw_d_01', 750, 6),
(133958, 'Secrets of the Void', 'The moment I touched the blade, a name was spoken in my mind: Xal''atath. I knew then that I could not destroy the dagger. Not yet. How can one defeat a power she does not understand?', 'inv_offhand_1h_artifactcthun_d_01', 750, 6),
(134553, 'Warswords of the Valarjar', 'In truth, it is her power that makes these weapons truly magnificent. Her power, laced with her hatred, crashes endlessly against Odyn''s spirit. The tension between those energies will forever permeate these blades...', 'inv_sword_1h_artifactvigfus_d_01', 750, 6),
(133948, 'Fists of the Heavens', 'There was a great flash of light and a great rush of air, and when it was done, Irmaat could feel his weapons, Al''burq and Alra''ed trembling with elemental power.', 'inv_hand_1h_artifactskywall_d_01', 750, 6),
(136209, 'Vindictive Gladiator''s Satin Mantle', '', 'inv_cloth_raidpriest_q_01_shoulder', 805, 3),
(135717, 'Vindictive Gladiator''s Dragonhide Spaulders', '', 'inv_shoulder_leather_raiddruid_q_01', 805, 3),
(135966, 'Vindictive Combatant''s Ironskin Spaulders', '', 'inv_shoulder_leather_legionhonor_d_01', 805, 3),
(139232, 'Midnight Herald''s Pauldrons', '', 'inv_shoulder_plate_raiddeathknight_q_01', 835, 4),
(135612, 'Vindictive Gladiator''s Chain Spaulders', '', 'inv_shoulder_mail_raidhunter_q_01', 805, 3),
(134539, 'Braided Silver Ring', 'The name ''Brandy'' is engraved on the inside.', 'inv_jewelry_ring_118', 820, 3),
(133679, 'Val''kyr Ascension Signet', '', 'inv_70_dungeon_ring8a', 820, 3),
(132452, 'Sephuz''s Secret', 'Intangibility is a curious concept. The word suggests some magical ability, but in the physical world, it simply means the power to be here or there, now or later.', 'inv_jewelry_ring_149', 895, 5),
(136189, 'Vindictive Gladiator''s Ironskin Gloves', '', 'inv_glove_leather_raidmonkmythic_q_01', 805, 3),
(139242, 'Raven''s Veil Gloves', '', 'inv_glove_leather_legiondungeon_c_01', 820, 3),
(135746, 'Vindictive Gladiator''s Scaled Gauntlets', '', 'inv_glove_plate_raidpaladinmythic_q_01', 805, 3),
(139202, 'Dreamsculptor''s Gloves', '', 'inv_gloves_leather_raiddruid_q_01', 835, 4),
(135963, 'Vindictive Combatant''s Ironskin Gloves', '', 'inv_glove_leather_legionhonor_d_01', 805, 3),
(137060, 'Archavon''s Heavy Hand', 'Deep within the vault protected by Wintergrasp, Archavon the Stone Watcher was hateful of all trespassers.', 'inv_gloves_plate_raidwarrior_m_01', 895, 5),
(137509, 'Glaivemaster''s Studded Grips', '', 'inv_glove_leather_legiondungeon_c_01', 820, 3),
(134268, 'Arcane Defender''s Gauntlets', '', 'inv_glove_plate_legionendgame_c_01', 810, 3),
(135649, 'Vindictive Gladiator''s Leather Gloves', '', 'inv_leather_raidrogue_q_01glove', 805, 3),
(135673, 'Vindictive Gladiator''s Plate Gauntlets', '', 'inv_glove_plate_raidwarriormythic_q_01', 805, 3),
(135609, 'Vindictive Gladiator''s Chain Gauntlets', '', 'inv_glove_mail_raidhunter_q_01', 805, 3);

-- --------------------------------------------------------

--
-- Table structure for table `races`
--

CREATE TABLE `races` (
  `id` int(4) NOT NULL,
  `name` varchar(50) DEFAULT NULL,
  `faction` int(4) DEFAULT NULL
) ENGINE=InnoDB AUTO_INCREMENT=16 DEFAULT CHARSET=latin1;

--
-- Dumping data for table `races`
--

INSERT INTO `races` (`id`, `name`, `faction`) VALUES
(1, 'Human', 0),
(2, 'Orc', 1),
(3, 'Dwarf', 0),
(4, 'Night Elf', 0),
(5, 'Undead', 1),
(6, 'Tauren', 1),
(7, 'Gnome', 0),
(8, 'Troll', 1),
(9, 'Goblin', 1),
(10, 'Blood Elf', 1),
(11, 'Draenei', 0),
(12, 'Worgen', 0),
(13, 'Pandaren', 2),
(14, 'Pandaren', 0),
(15, 'Pandaren', 1);

-- --------------------------------------------------------

--
-- Table structure for table `race_classes`
--

CREATE TABLE `race_classes` (
  `class_id` int(4) NOT NULL,
  `race_id` int(4) NOT NULL
) ENGINE=InnoDB DEFAULT CHARSET=latin1;

--
-- Dumping data for table `race_classes`
--

INSERT INTO `race_classes` (`class_id`, `race_id`) VALUES
(7, 1),
(2, 1),
(3, 1),
(6, 1),
(1, 1),
(11, 1),
(4, 1),
(8, 1),
(12, 1),
(2, 2),
(3, 2),
(6, 2),
(1, 2),
(11, 2),
(5, 2),
(8, 2),
(12, 2),
(1, 3),
(2, 3),
(3, 3),
(4, 3),
(5, 3),
(6, 3),
(7, 3),
(8, 3),
(11, 3),
(12, 3),
(1, 4),
(2, 4),
(3, 4),
(6, 4),
(7, 4),
(8, 4),
(9, 4),
(10, 4),
(12, 4),
(1, 5),
(2, 5),
(3, 5),
(6, 5),
(7, 5),
(8, 5),
(11, 5),
(12, 5),
(7, 6),
(3, 6),
(9, 6),
(1, 6),
(5, 6),
(4, 6),
(8, 6),
(12, 6),
(1, 7),
(2, 7),
(3, 7),
(6, 7),
(7, 7),
(8, 7),
(11, 7),
(12, 7),
(1, 8),
(2, 8),
(3, 8),
(5, 8),
(6, 8),
(7, 8),
(8, 8),
(9, 8),
(11, 8),
(12, 8),
(1, 9),
(2, 9),
(3, 9),
(6, 9),
(7, 9),
(11, 9),
(5, 9),
(8, 9),
(7, 10),
(2, 10),
(3, 10),
(6, 10),
(1, 10),
(11, 10),
(4, 10),
(8, 10),
(11, 10),
(10, 10),
(7, 11),
(3, 11),
(6, 11),
(1, 11),
(5, 11),
(4, 11),
(8, 11),
(12, 11),
(1, 12),
(2, 12),
(3, 12),
(6, 12),
(7, 12),
(8, 12),
(9, 12),
(11, 12),
(7, 13),
(2, 13),
(3, 13),
(6, 13),
(1, 13),
(5, 13),
(12, 13);

-- --------------------------------------------------------

--
-- Table structure for table `race_classes_temp`
--

CREATE TABLE `race_classes_temp` (
  `race_id` int(4) NOT NULL,
  `class_id` int(4) NOT NULL
) ENGINE=InnoDB DEFAULT CHARSET=latin1;

--
-- Dumping data for table `race_classes_temp`
--

INSERT INTO `race_classes_temp` (`race_id`, `class_id`) VALUES
(7, 1),
(2, 1),
(3, 1),
(6, 1),
(1, 1),
(11, 1),
(4, 1),
(8, 1),
(12, 1),
(2, 2),
(3, 2),
(6, 2),
(1, 2),
(11, 2),
(5, 2),
(8, 2),
(12, 2),
(1, 3),
(2, 3),
(3, 3),
(4, 3),
(5, 3),
(6, 3),
(7, 3),
(8, 3),
(11, 3),
(12, 3),
(1, 4),
(2, 4),
(3, 4),
(6, 4),
(7, 4),
(8, 4),
(9, 4),
(10, 4),
(12, 4),
(1, 5),
(2, 5),
(3, 5),
(6, 5),
(7, 5),
(8, 5),
(11, 5),
(12, 5),
(7, 6),
(3, 6),
(9, 6),
(1, 6),
(5, 6),
(4, 6),
(10, 6),
(12, 6),
(1, 7),
(2, 7),
(3, 7),
(6, 7),
(7, 7),
(8, 7),
(11, 7),
(12, 7),
(1, 8),
(2, 8),
(3, 8),
(5, 8),
(6, 8),
(7, 8),
(8, 8),
(9, 8),
(11, 8),
(12, 8),
(1, 9),
(2, 9),
(3, 9),
(6, 9),
(7, 9),
(11, 9),
(5, 9),
(8, 9),
(7, 10),
(2, 10),
(3, 10),
(6, 10),
(1, 10),
(11, 10),
(4, 10),
(8, 10),
(11, 10),
(10, 10),
(7, 11),
(3, 11),
(6, 11),
(1, 11),
(5, 11),
(4, 11),
(8, 11),
(12, 11),
(1, 12),
(2, 12),
(3, 12),
(6, 12),
(7, 12),
(8, 12),
(9, 12),
(11, 12),
(7, 13),
(2, 13),
(3, 13),
(6, 13),
(1, 13),
(5, 13),
(12, 13),
(1, 7),
(1, 2),
(1, 3),
(1, 6),
(1, 1),
(1, 11),
(1, 4),
(1, 8),
(1, 12),
(2, 2),
(2, 3),
(2, 6),
(2, 1),
(2, 11),
(2, 5),
(2, 8),
(2, 12),
(3, 1),
(3, 2),
(3, 3),
(3, 4),
(3, 5),
(3, 6),
(3, 7),
(3, 8),
(3, 11),
(3, 12),
(4, 1),
(4, 2),
(4, 3),
(4, 6),
(4, 7),
(4, 8),
(4, 9),
(4, 10),
(4, 12),
(5, 1),
(5, 2),
(5, 3),
(5, 6),
(5, 7),
(5, 8),
(5, 11),
(5, 12),
(6, 7),
(6, 3),
(6, 9),
(6, 1),
(6, 5),
(6, 4),
(6, 10),
(6, 12),
(7, 1),
(7, 2),
(7, 3),
(7, 6),
(7, 7),
(7, 8),
(7, 11),
(7, 12),
(8, 1),
(8, 2),
(8, 3),
(8, 5),
(8, 6),
(8, 7),
(8, 8),
(8, 9),
(8, 11),
(8, 12),
(9, 1),
(9, 2),
(9, 3),
(9, 6),
(9, 7),
(9, 11),
(9, 5),
(9, 8),
(10, 7),
(10, 2),
(10, 3),
(10, 6),
(10, 1),
(10, 11),
(10, 4),
(10, 8),
(10, 11),
(10, 10),
(11, 7),
(11, 3),
(11, 6),
(11, 1),
(11, 5),
(11, 4),
(11, 8),
(11, 12),
(12, 1),
(12, 2),
(12, 3),
(12, 6),
(12, 7),
(12, 8),
(12, 9),
(12, 11),
(13, 7),
(13, 2),
(13, 3),
(13, 6),
(13, 1),
(13, 5),
(13, 12);

-- --------------------------------------------------------

--
-- Table structure for table `stats`
--

CREATE TABLE `stats` (
  `id` int(4) NOT NULL,
  `item_id` int(4) DEFAULT NULL,
  `stat` int(4) DEFAULT NULL,
  `amount` int(4) DEFAULT NULL
) ENGINE=InnoDB AUTO_INCREMENT=1438 DEFAULT CHARSET=latin1;

--
-- Dumping data for table `stats`
--

INSERT INTO `stats` (`id`, `item_id`, `stat`, `amount`) VALUES
(1, 120978, 49, 332),
(2, 120978, 32, 346),
(3, 120978, 4, 511),
(4, 120978, 7, 766),
(5, 121228, 74, 417),
(6, 121228, 7, 626),
(7, 121280, 36, 345),
(8, 121280, 74, 894),
(9, 121280, 32, 779),
(10, 121280, 7, 1340),
(11, 121293, 73, 670),
(12, 121293, 36, 331),
(13, 121293, 32, 511),
(14, 121293, 7, 1005),
(15, 121299, 73, 670),
(16, 121299, 36, 348),
(17, 121299, 32, 493),
(18, 121299, 7, 1005),
(19, 121668, 36, 319),
(20, 121668, 74, 645),
(21, 121668, 32, 539),
(22, 121668, 7, 967),
(23, 121722, 40, 414),
(24, 121722, 32, 794),
(25, 121722, 7, 544),
(26, 121806, 49, 774),
(27, 123911, 74, 702),
(28, 123911, 7, 1053),
(29, 126995, 7, 1404),
(30, 126995, 5, 936),
(31, 126999, 7, 1404),
(32, 126999, 5, 936),
(33, 127829, 49, 142),
(34, 127829, 32, 148),
(35, 127829, 3, 219),
(36, 127829, 7, 328),
(37, 127830, 49, 142),
(38, 127830, 32, 148),
(39, 127830, 3, 219),
(40, 127830, 7, 328),
(41, 128306, 5, 3297),
(42, 128306, 49, 332),
(43, 128306, 32, 346),
(44, 128306, 7, 766),
(45, 128402, 49, 332),
(46, 128402, 32, 346),
(47, 128402, 4, 511),
(48, 128402, 7, 766),
(49, 128403, 49, 332),
(50, 128403, 32, 346),
(51, 128403, 4, 511),
(52, 128403, 7, 766),
(53, 128709, 5, 890),
(54, 128823, 5, 3297),
(55, 128823, 49, 332),
(56, 128823, 32, 346),
(57, 128823, 7, 766),
(58, 128826, 49, 332),
(59, 128826, 32, 346),
(60, 128826, 3, 511),
(61, 128826, 7, 766),
(62, 128827, 5, 3003),
(63, 128827, 49, 142),
(64, 128827, 32, 148),
(65, 128827, 7, 328),
(66, 128858, 5, 3297),
(67, 128858, 49, 332),
(68, 128858, 32, 346),
(69, 128858, 7, 766),
(70, 128859, 49, 142),
(71, 128859, 32, 148),
(72, 128859, 3, 219),
(73, 128859, 7, 328),
(74, 128860, 49, 142),
(75, 128860, 32, 148),
(76, 128860, 3, 219),
(77, 128860, 7, 328),
(78, 128862, 5, 3297),
(79, 128862, 49, 340),
(80, 128862, 36, 340),
(81, 128862, 7, 766),
(82, 128869, 49, 142),
(83, 128869, 32, 148),
(84, 128869, 3, 219),
(85, 128869, 7, 328),
(86, 128870, 49, 142),
(87, 128870, 32, 148),
(88, 128870, 3, 219),
(89, 128870, 7, 328),
(90, 128908, 49, 332),
(91, 128908, 32, 346),
(92, 128908, 4, 511),
(93, 128908, 7, 766),
(94, 128910, 49, 332),
(95, 128910, 32, 346),
(96, 128910, 4, 511),
(97, 128910, 7, 766),
(98, 128911, 5, 3003),
(99, 128911, 49, 142),
(100, 128911, 32, 148),
(101, 128911, 7, 328),
(102, 128934, 5, 287),
(103, 128934, 49, 187),
(104, 128934, 32, 194),
(105, 128934, 7, 431),
(106, 128935, 5, 3003),
(107, 128935, 49, 142),
(108, 128935, 32, 148),
(109, 128935, 7, 328),
(110, 128936, 5, 287),
(111, 128936, 49, 187),
(112, 128936, 32, 194),
(113, 128936, 7, 431),
(114, 128937, 5, 3297),
(115, 128937, 49, 340),
(116, 128937, 36, 340),
(117, 128937, 7, 766),
(118, 128938, 49, 340),
(119, 128938, 36, 340),
(120, 128938, 3, 511),
(121, 128938, 7, 766),
(122, 128940, 49, 142),
(123, 128940, 32, 148),
(124, 128940, 3, 219),
(125, 128940, 7, 328),
(126, 128941, 5, 3297),
(127, 128941, 49, 340),
(128, 128941, 36, 340),
(129, 128941, 7, 766),
(130, 128942, 5, 3297),
(131, 128942, 49, 340),
(132, 128942, 36, 340),
(133, 128942, 7, 766),
(134, 129259, 32, 725),
(135, 129259, 5, 725),
(136, 130230, 40, 920),
(137, 130230, 7, 790),
(138, 130309, 49, 394),
(139, 130309, 36, 859),
(140, 130309, 7, 565),
(141, 132375, 5, 1110),
(142, 132375, 32, 559),
(143, 132375, 36, 310),
(144, 132375, 7, 1665),
(145, 132443, 36, 413),
(146, 132443, 49, 745),
(147, 132443, 74, 1479),
(148, 132443, 7, 2219),
(149, 132448, 4, 1110),
(150, 132448, 36, 310),
(151, 132448, 32, 559),
(152, 132448, 7, 1665),
(153, 132452, 36, 620),
(154, 132452, 32, 1552),
(155, 132452, 7, 1665),
(156, 133609, 5, 736),
(157, 133609, 36, 306),
(158, 133609, 32, 569),
(159, 133609, 7, 1103),
(160, 133614, 5, 552),
(161, 133614, 32, 244),
(162, 133614, 49, 413),
(163, 133614, 7, 827),
(164, 133616, 73, 981),
(165, 133616, 36, 433),
(166, 133616, 49, 734),
(167, 133616, 7, 1471),
(168, 133617, 73, 736),
(169, 133617, 49, 363),
(170, 133617, 32, 513),
(171, 133617, 7, 1103),
(172, 133623, 73, 736),
(173, 133623, 32, 250),
(174, 133623, 49, 626),
(175, 133623, 7, 1103),
(176, 133633, 36, 469),
(177, 133633, 49, 1172),
(178, 133633, 7, 828),
(179, 133634, 36, 703),
(180, 133634, 49, 938),
(181, 133634, 7, 828),
(182, 133636, 40, 469),
(183, 133636, 49, 1172),
(184, 133636, 7, 828),
(185, 133637, 40, 516),
(186, 133637, 32, 1126),
(187, 133637, 7, 828),
(188, 133638, 32, 703),
(189, 133638, 49, 938),
(190, 133638, 7, 828),
(191, 133642, 40, 834),
(192, 133644, 72, 933),
(193, 133679, 49, 656),
(194, 133679, 32, 984),
(195, 133679, 7, 828),
(196, 133769, 73, 981),
(197, 133769, 32, 433),
(198, 133769, 36, 734),
(199, 133769, 7, 1471),
(200, 133771, 49, 234),
(201, 133771, 36, 422),
(202, 133771, 71, 552),
(203, 133771, 7, 828),
(204, 133948, 49, 142),
(205, 133948, 32, 148),
(206, 133948, 3, 219),
(207, 133948, 7, 328),
(208, 133958, 5, 287),
(209, 133958, 32, 117),
(210, 133958, 36, 265),
(211, 133958, 7, 431),
(212, 133971, 5, 1973),
(213, 133971, 32, 882),
(214, 133971, 36, 662),
(215, 133971, 7, 2959),
(216, 134152, 73, 894),
(217, 134152, 40, 321),
(218, 134152, 36, 803),
(219, 134152, 7, 1340),
(220, 134154, 73, 670),
(221, 134154, 40, 348),
(222, 134154, 36, 493),
(223, 134154, 7, 1005),
(224, 134171, 5, 670),
(225, 134171, 40, 241),
(226, 134171, 36, 602),
(227, 134171, 7, 1005),
(228, 134179, 32, 707),
(229, 134179, 74, 894),
(230, 134179, 49, 418),
(231, 134179, 7, 1340),
(232, 134182, 32, 779),
(233, 134182, 74, 894),
(234, 134182, 49, 345),
(235, 134182, 7, 1340),
(236, 134184, 32, 548),
(237, 134184, 74, 670),
(238, 134184, 49, 295),
(239, 134184, 7, 1005),
(240, 134185, 32, 530),
(241, 134185, 74, 670),
(242, 134185, 49, 313),
(243, 134185, 7, 1005),
(244, 134192, 73, 503),
(245, 134192, 49, 203),
(246, 134192, 32, 429),
(247, 134192, 7, 754),
(248, 134193, 73, 670),
(249, 134193, 49, 241),
(250, 134193, 32, 602),
(251, 134193, 7, 1005),
(252, 134195, 73, 670),
(253, 134195, 49, 271),
(254, 134195, 32, 572),
(255, 134195, 7, 1005),
(256, 134196, 73, 894),
(257, 134196, 49, 466),
(258, 134196, 32, 659),
(259, 134196, 7, 1340),
(260, 134197, 73, 894),
(261, 134197, 49, 393),
(262, 134197, 32, 731),
(263, 134197, 7, 1340),
(264, 134203, 3, 849),
(265, 134204, 5, 849),
(266, 134211, 73, 894),
(267, 134211, 49, 345),
(268, 134211, 32, 779),
(269, 134211, 7, 1340),
(270, 134214, 73, 894),
(271, 134214, 49, 361),
(272, 134214, 32, 763),
(273, 134214, 7, 1340),
(274, 134218, 5, 894),
(275, 134218, 49, 321),
(276, 134218, 32, 803),
(277, 134218, 7, 1340),
(278, 134219, 5, 894),
(279, 134219, 49, 466),
(280, 134219, 32, 659),
(281, 134219, 7, 1340),
(282, 134222, 5, 503),
(283, 134222, 49, 203),
(284, 134222, 32, 429),
(285, 134222, 7, 754),
(286, 134224, 49, 548),
(287, 134224, 74, 670),
(288, 134224, 40, 295),
(289, 134224, 7, 1005),
(290, 134225, 49, 602),
(291, 134225, 74, 670),
(292, 134225, 40, 241),
(293, 134225, 7, 1005),
(294, 134238, 73, 894),
(295, 134238, 40, 418),
(296, 134238, 49, 707),
(297, 134238, 7, 1340),
(298, 134240, 73, 894),
(299, 134240, 40, 369),
(300, 134240, 49, 755),
(301, 134240, 7, 1340),
(302, 134251, 73, 670),
(303, 134251, 40, 259),
(304, 134251, 49, 584),
(305, 134251, 7, 1005),
(306, 134268, 36, 313),
(307, 134268, 74, 670),
(308, 134268, 49, 530),
(309, 134268, 7, 1005),
(310, 134271, 36, 321),
(311, 134271, 74, 894),
(312, 134271, 49, 803),
(313, 134271, 7, 1340),
(314, 134285, 73, 894),
(315, 134285, 36, 418),
(316, 134285, 49, 707),
(317, 134285, 7, 1340),
(318, 134307, 5, 894),
(319, 134307, 36, 441),
(320, 134307, 49, 682),
(321, 134307, 7, 1340),
(322, 134322, 4, 849),
(323, 134369, 73, 670),
(324, 134369, 40, 277),
(325, 134369, 32, 566),
(326, 134369, 7, 1005),
(327, 134370, 73, 894),
(328, 134370, 40, 441),
(329, 134370, 32, 682),
(330, 134370, 7, 1340),
(331, 134371, 73, 670),
(332, 134371, 40, 295),
(333, 134371, 32, 548),
(334, 134371, 7, 1005),
(335, 134373, 73, 894),
(336, 134373, 40, 361),
(337, 134373, 32, 763),
(338, 134373, 7, 1340),
(339, 134374, 73, 670),
(340, 134374, 40, 348),
(341, 134374, 32, 493),
(342, 134374, 7, 1005),
(343, 134406, 49, 234),
(344, 134406, 40, 422),
(345, 134406, 71, 552),
(346, 134406, 7, 828),
(347, 134412, 49, 234),
(348, 134412, 32, 422),
(349, 134412, 71, 552),
(350, 134412, 7, 828),
(351, 134420, 5, 736),
(352, 134420, 49, 325),
(353, 134420, 36, 550),
(354, 134420, 7, 1104),
(355, 134427, 5, 981),
(356, 134427, 36, 408),
(357, 134427, 49, 759),
(358, 134427, 7, 1471),
(359, 134438, 73, 981),
(360, 134438, 32, 333),
(361, 134438, 49, 834),
(362, 134438, 7, 1471),
(363, 134445, 73, 736),
(364, 134445, 40, 325),
(365, 134445, 32, 550),
(366, 134445, 7, 1104),
(367, 134449, 73, 981),
(368, 134449, 49, 408),
(369, 134449, 36, 759),
(370, 134449, 7, 1471),
(371, 134451, 73, 981),
(372, 134451, 40, 383),
(373, 134451, 36, 784),
(374, 134451, 7, 1471),
(375, 134452, 73, 736),
(376, 134452, 32, 269),
(377, 134452, 36, 607),
(378, 134452, 7, 1104),
(379, 134461, 73, 552),
(380, 134461, 32, 215),
(381, 134461, 49, 440),
(382, 134461, 7, 828),
(383, 134465, 73, 736),
(384, 134465, 32, 363),
(385, 134465, 36, 513),
(386, 134465, 7, 1104),
(387, 134467, 73, 736),
(388, 134467, 32, 306),
(389, 134467, 36, 569),
(390, 134467, 7, 1104),
(391, 134470, 73, 981),
(392, 134470, 40, 483),
(393, 134470, 36, 684),
(394, 134470, 7, 1471),
(395, 134487, 36, 469),
(396, 134487, 49, 1172),
(397, 134487, 7, 828),
(398, 134491, 40, 562),
(399, 134491, 32, 1078),
(400, 134491, 7, 828),
(401, 134508, 49, 588),
(402, 134508, 74, 736),
(403, 134508, 32, 287),
(404, 134508, 7, 1104),
(405, 134511, 36, 458),
(406, 134511, 74, 981),
(407, 134511, 49, 709),
(408, 134511, 7, 1471),
(409, 134517, 49, 532),
(410, 134517, 74, 736),
(411, 134517, 32, 344),
(412, 134517, 7, 1104),
(413, 134520, 49, 426),
(414, 134520, 74, 552),
(415, 134520, 32, 229),
(416, 134520, 7, 828),
(417, 134524, 40, 609),
(418, 134524, 32, 1032),
(419, 134524, 7, 828),
(420, 134525, 36, 562),
(421, 134525, 32, 1078),
(422, 134525, 7, 828),
(423, 134526, 49, 703),
(424, 134526, 32, 938),
(425, 134526, 7, 828),
(426, 134528, 36, 469),
(427, 134528, 32, 1172),
(428, 134528, 7, 828),
(429, 134530, 49, 516),
(430, 134530, 36, 1126),
(431, 134530, 7, 828),
(432, 134532, 32, 469),
(433, 134532, 36, 1172),
(434, 134532, 7, 828),
(435, 134537, 32, 609),
(436, 134537, 49, 1032),
(437, 134537, 7, 828),
(438, 134539, 40, 750),
(439, 134539, 49, 891),
(440, 134539, 7, 828),
(441, 134542, 32, 750),
(442, 134542, 36, 891),
(443, 134542, 7, 828),
(444, 134553, 49, 332),
(445, 134553, 32, 346),
(446, 134553, 4, 511),
(447, 134553, 7, 766),
(448, 134700, 7, 916),
(449, 134700, 73, 611),
(450, 134701, 7, 1221),
(451, 134701, 73, 814),
(452, 134702, 7, 916),
(453, 134702, 73, 611),
(454, 135607, 7, 1280),
(455, 135607, 3, 853),
(456, 135609, 7, 960),
(457, 135609, 3, 640),
(458, 135612, 7, 960),
(459, 135612, 3, 640),
(460, 135613, 7, 960),
(461, 135613, 3, 640),
(462, 135614, 7, 719),
(463, 135614, 3, 480),
(464, 135649, 7, 960),
(465, 135649, 3, 640),
(466, 135650, 7, 1280),
(467, 135650, 3, 853),
(468, 135654, 7, 719),
(469, 135654, 3, 480),
(470, 135673, 4, 640),
(471, 135673, 7, 960),
(472, 135682, 32, 620),
(473, 135682, 40, 931),
(474, 135682, 7, 719),
(475, 135685, 36, 709),
(476, 135685, 40, 842),
(477, 135685, 7, 719),
(478, 135686, 36, 620),
(479, 135686, 40, 931),
(480, 135686, 7, 719),
(481, 135696, 40, 788),
(482, 135699, 40, 788),
(483, 135705, 4, 640),
(484, 135705, 7, 960),
(485, 135708, 4, 853),
(486, 135708, 7, 1280),
(487, 135710, 4, 640),
(488, 135710, 7, 960),
(489, 135711, 4, 480),
(490, 135711, 7, 719),
(491, 135717, 7, 960),
(492, 135717, 73, 640),
(493, 135719, 7, 719),
(494, 135719, 73, 480),
(495, 135746, 74, 640),
(496, 135746, 7, 960),
(497, 135748, 74, 853),
(498, 135748, 7, 1280),
(499, 135758, 7, 960),
(500, 135758, 5, 640),
(501, 135768, 7, 1280),
(502, 135768, 73, 853),
(503, 135771, 7, 1280),
(504, 135771, 73, 853),
(505, 135772, 7, 1280),
(506, 135772, 73, 853),
(507, 135773, 7, 960),
(508, 135773, 73, 640),
(509, 135774, 7, 960),
(510, 135774, 73, 640),
(511, 135775, 7, 719),
(512, 135775, 73, 480),
(513, 135778, 7, 1280),
(514, 135778, 5, 853),
(515, 135782, 7, 960),
(516, 135782, 5, 640),
(517, 135795, 32, 620),
(518, 135795, 40, 931),
(519, 135795, 7, 719),
(520, 135799, 36, 620),
(521, 135799, 40, 931),
(522, 135799, 7, 719),
(523, 135800, 7, 719),
(524, 135800, 71, 480),
(525, 135802, 49, 709),
(526, 135802, 40, 842),
(527, 135802, 7, 719),
(528, 135808, 7, 960),
(529, 135809, 40, 788),
(530, 135810, 5, 811),
(531, 135897, 4, 853),
(532, 135897, 7, 1280),
(533, 135903, 4, 640),
(534, 135903, 7, 960),
(535, 135908, 32, 620),
(536, 135908, 40, 931),
(537, 135908, 7, 719),
(538, 135913, 7, 719),
(539, 135913, 71, 480),
(540, 135928, 40, 788),
(541, 135963, 7, 960),
(542, 135963, 73, 640),
(543, 135966, 7, 960),
(544, 135966, 73, 640),
(545, 136037, 5, 811),
(546, 136135, 7, 719),
(547, 136135, 71, 480),
(548, 136137, 36, 709),
(549, 136137, 40, 842),
(550, 136137, 7, 719),
(551, 136149, 5, 811),
(552, 136156, 4, 853),
(553, 136156, 7, 1280),
(554, 136164, 7, 960),
(555, 136164, 73, 640),
(556, 136167, 7, 1280),
(557, 136167, 73, 853),
(558, 136168, 7, 1280),
(559, 136168, 73, 853),
(560, 136189, 7, 960),
(561, 136189, 73, 640),
(562, 136191, 7, 1280),
(563, 136191, 73, 853),
(564, 136194, 7, 960),
(565, 136194, 73, 640),
(566, 136195, 7, 719),
(567, 136195, 73, 480),
(568, 136209, 7, 960),
(569, 136209, 5, 640),
(570, 136247, 32, 620),
(571, 136247, 40, 931),
(572, 136247, 7, 719),
(573, 136250, 36, 709),
(574, 136250, 40, 842),
(575, 136250, 7, 719),
(576, 136255, 49, 620),
(577, 136255, 40, 931),
(578, 136255, 7, 719),
(579, 136257, 3, 811),
(580, 136259, 32, 788),
(581, 136260, 7, 960),
(582, 136263, 5, 811),
(583, 136267, 40, 788),
(584, 136774, 5, 736),
(585, 136774, 36, 344),
(586, 136774, 49, 532),
(587, 136774, 7, 1103),
(588, 136776, 73, 736),
(589, 136776, 49, 344),
(590, 136776, 32, 532),
(591, 136776, 7, 1103),
(592, 136891, 7, 719),
(593, 136891, 71, 480),
(594, 136892, 7, 719),
(595, 136892, 71, 480),
(596, 136893, 7, 719),
(597, 136893, 71, 480),
(598, 136896, 7, 719),
(599, 136896, 71, 480),
(600, 136975, 32, 834),
(601, 136975, 72, 933),
(602, 136979, 73, 552),
(603, 136979, 49, 187),
(604, 136979, 32, 469),
(605, 136979, 7, 828),
(606, 137015, 73, 1973),
(607, 137015, 32, 552),
(608, 137015, 49, 993),
(609, 137015, 7, 2959),
(610, 137022, 36, 745),
(611, 137022, 32, 413),
(612, 137022, 3, 1479),
(613, 137022, 7, 2219),
(614, 137028, 73, 1479),
(615, 137028, 32, 662),
(616, 137028, 49, 496),
(617, 137028, 7, 2219),
(618, 137030, 36, 662),
(619, 137030, 49, 496),
(620, 137030, 3, 1479),
(621, 137030, 7, 2219),
(622, 137038, 32, 1397),
(623, 137038, 36, 776),
(624, 137038, 7, 1665),
(625, 137044, 32, 1241),
(626, 137044, 49, 931),
(627, 137044, 7, 1665),
(628, 137049, 32, 1397),
(629, 137049, 36, 776),
(630, 137049, 7, 1665),
(631, 137060, 4, 1479),
(632, 137060, 36, 662),
(633, 137060, 32, 496),
(634, 137060, 7, 2219),
(635, 137065, 36, 552),
(636, 137065, 49, 993),
(637, 137065, 74, 1973),
(638, 137065, 7, 2959),
(639, 137073, 73, 1479),
(640, 137073, 36, 745),
(641, 137073, 49, 413),
(642, 137073, 7, 2219),
(643, 137083, 73, 1479),
(644, 137083, 32, 662),
(645, 137083, 49, 496),
(646, 137083, 7, 2219),
(647, 137086, 74, 1479),
(648, 137086, 32, 413),
(649, 137086, 36, 745),
(650, 137086, 7, 2219),
(651, 137092, 73, 1110),
(652, 137092, 32, 496),
(653, 137092, 36, 372),
(654, 137092, 7, 1665),
(655, 137102, 73, 1110),
(656, 137102, 36, 496),
(657, 137102, 49, 372),
(658, 137102, 7, 1665),
(659, 137301, 49, 834),
(660, 137311, 32, 516),
(661, 137311, 49, 1126),
(662, 137311, 7, 828),
(663, 137319, 5, 736),
(664, 137319, 49, 250),
(665, 137319, 32, 626),
(666, 137319, 7, 1103),
(667, 137320, 73, 736),
(668, 137320, 49, 250),
(669, 137320, 36, 626),
(670, 137320, 7, 1104),
(671, 137324, 73, 736),
(672, 137324, 32, 269),
(673, 137324, 36, 607),
(674, 137324, 7, 1103),
(675, 137332, 73, 736),
(676, 137332, 49, 287),
(677, 137332, 32, 588),
(678, 137332, 7, 1103),
(679, 137334, 40, 532),
(680, 137334, 74, 736),
(681, 137334, 32, 344),
(682, 137334, 7, 1103),
(683, 137336, 73, 981),
(684, 137336, 40, 358),
(685, 137336, 32, 809),
(686, 137336, 7, 1471),
(687, 137341, 5, 981),
(688, 137341, 32, 483),
(689, 137341, 36, 684),
(690, 137341, 7, 1471),
(691, 137349, 49, 834),
(692, 137354, 73, 981),
(693, 137354, 36, 333),
(694, 137354, 32, 834),
(695, 137354, 7, 1471),
(696, 137360, 5, 736),
(697, 137360, 32, 325),
(698, 137360, 49, 550),
(699, 137360, 7, 1104),
(700, 137364, 73, 736),
(701, 137364, 36, 363),
(702, 137364, 32, 513),
(703, 137364, 7, 1104),
(704, 137367, 73, 933),
(705, 137373, 3, 933),
(706, 137406, 49, 834),
(707, 137409, 73, 736),
(708, 137409, 32, 344),
(709, 137409, 49, 532),
(710, 137409, 7, 1104),
(711, 137418, 32, 750),
(712, 137418, 49, 891),
(713, 137418, 7, 828),
(714, 137419, 71, 933),
(715, 137432, 32, 562),
(716, 137432, 49, 1078),
(717, 137432, 7, 828),
(718, 137438, 36, 656),
(719, 137438, 32, 984),
(720, 137438, 7, 828),
(721, 137452, 5, 933),
(722, 137482, 36, 363),
(723, 137482, 74, 736),
(724, 137482, 32, 513),
(725, 137482, 7, 1104),
(726, 137483, 36, 257),
(727, 137483, 32, 398),
(728, 137483, 71, 552),
(729, 137483, 7, 828),
(730, 137484, 5, 933),
(731, 137487, 49, 750),
(732, 137487, 40, 891),
(733, 137487, 7, 828),
(734, 137499, 49, 626),
(735, 137499, 74, 736),
(736, 137499, 32, 250),
(737, 137499, 7, 1104),
(738, 137509, 73, 736),
(739, 137509, 36, 306),
(740, 137509, 49, 569),
(741, 137509, 7, 1103),
(742, 137519, 73, 736),
(743, 137519, 36, 363),
(744, 137519, 49, 513),
(745, 137519, 7, 1103),
(746, 137526, 74, 981),
(747, 137526, 36, 734),
(748, 137526, 32, 433),
(749, 137526, 7, 1471),
(750, 137527, 74, 981),
(751, 137527, 36, 784),
(752, 137527, 49, 383),
(753, 137527, 7, 1471),
(754, 137528, 36, 383),
(755, 137528, 74, 981),
(756, 137528, 32, 784),
(757, 137528, 7, 1471),
(758, 137530, 32, 257),
(759, 137530, 49, 398),
(760, 137530, 71, 552),
(761, 137530, 7, 828),
(762, 137531, 32, 211),
(763, 137531, 36, 445),
(764, 137531, 71, 552),
(765, 137531, 7, 828),
(766, 137532, 49, 609),
(767, 137532, 36, 1032),
(768, 137532, 7, 828),
(769, 137535, 36, 656),
(770, 137535, 49, 984),
(771, 137535, 7, 828),
(772, 137539, 32, 834),
(773, 138211, 73, 846),
(774, 138211, 36, 264),
(775, 138211, 32, 662),
(776, 138211, 7, 1269),
(777, 138212, 5, 846),
(778, 138212, 32, 324),
(779, 138212, 36, 602),
(780, 138212, 7, 1269),
(781, 138214, 73, 846),
(782, 138214, 49, 384),
(783, 138214, 32, 542),
(784, 138214, 7, 1269),
(785, 138218, 36, 228),
(786, 138218, 74, 635),
(787, 138218, 49, 466),
(788, 138218, 7, 952),
(789, 138219, 73, 635),
(790, 138219, 36, 213),
(791, 138219, 32, 481),
(792, 138219, 7, 952),
(793, 138220, 36, 645),
(794, 138220, 49, 1092),
(795, 138220, 7, 952),
(796, 138221, 32, 287),
(797, 138221, 49, 407),
(798, 138221, 71, 635),
(799, 138221, 7, 952),
(800, 138222, 32, 882),
(801, 138224, 32, 882),
(802, 138879, 73, 1479),
(803, 138879, 36, 496),
(804, 138879, 49, 662),
(805, 138879, 7, 2219),
(806, 139065, 49, 587),
(807, 139065, 36, 994),
(808, 139065, 7, 754),
(809, 139071, 73, 894),
(810, 139071, 49, 369),
(811, 139071, 36, 755),
(812, 139071, 7, 1340),
(813, 139074, 49, 180),
(814, 139074, 36, 452),
(815, 139074, 71, 503),
(816, 139074, 7, 754),
(817, 139101, 32, 542),
(818, 139101, 36, 1039),
(819, 139101, 7, 754),
(820, 139121, 73, 670),
(821, 139121, 32, 313),
(822, 139121, 36, 530),
(823, 139121, 7, 1005),
(824, 139188, 5, 1128),
(825, 139188, 36, 352),
(826, 139188, 49, 882),
(827, 139188, 7, 1692),
(828, 139190, 5, 1128),
(829, 139190, 49, 537),
(830, 139190, 36, 696),
(831, 139190, 7, 1692),
(832, 139191, 5, 846),
(833, 139191, 32, 384),
(834, 139191, 49, 542),
(835, 139191, 7, 1269),
(836, 139194, 5, 846),
(837, 139194, 32, 304),
(838, 139194, 36, 621),
(839, 139194, 7, 1269),
(840, 139196, 5, 635),
(841, 139196, 36, 302),
(842, 139196, 49, 392),
(843, 139196, 7, 952),
(844, 139197, 73, 846),
(845, 139197, 40, 384),
(846, 139197, 49, 542),
(847, 139197, 7, 1269),
(848, 139198, 73, 846),
(849, 139198, 49, 324),
(850, 139198, 36, 602),
(851, 139198, 7, 1269),
(852, 139199, 73, 846),
(853, 139199, 32, 324),
(854, 139199, 36, 602),
(855, 139199, 7, 1269),
(856, 139200, 73, 846),
(857, 139200, 36, 384),
(858, 139200, 49, 542),
(859, 139200, 7, 1269),
(860, 139201, 73, 1128),
(861, 139201, 49, 352),
(862, 139201, 32, 882),
(863, 139201, 7, 1692),
(864, 139202, 73, 846),
(865, 139202, 32, 343),
(866, 139202, 36, 582),
(867, 139202, 7, 1269),
(868, 139203, 73, 1128),
(869, 139203, 36, 485),
(870, 139203, 49, 750),
(871, 139203, 7, 1692),
(872, 139204, 73, 1128),
(873, 139204, 40, 352),
(874, 139204, 32, 882),
(875, 139204, 7, 1692),
(876, 139205, 73, 1128),
(877, 139205, 32, 432),
(878, 139205, 49, 802),
(879, 139205, 7, 1692),
(880, 139206, 73, 846),
(881, 139206, 49, 363),
(882, 139206, 32, 562),
(883, 139206, 7, 1269),
(884, 139208, 73, 1128),
(885, 139208, 36, 459),
(886, 139208, 49, 776),
(887, 139208, 7, 1692),
(888, 139209, 73, 635),
(889, 139209, 32, 273),
(890, 139209, 49, 421),
(891, 139209, 7, 952),
(892, 139216, 73, 1128),
(893, 139216, 32, 485),
(894, 139216, 36, 750),
(895, 139216, 7, 1692),
(896, 139217, 73, 846),
(897, 139217, 49, 384),
(898, 139217, 32, 542),
(899, 139217, 7, 1269),
(900, 139224, 49, 855),
(901, 139224, 74, 1128),
(902, 139224, 40, 379),
(903, 139224, 7, 1692),
(904, 139225, 74, 846),
(905, 139225, 36, 602),
(906, 139225, 49, 324),
(907, 139225, 7, 1269),
(908, 139227, 74, 846),
(909, 139227, 36, 562),
(910, 139227, 32, 363),
(911, 139227, 7, 1269),
(912, 139230, 74, 1128),
(913, 139230, 36, 723),
(914, 139230, 49, 511),
(915, 139230, 7, 1692),
(916, 139231, 32, 802),
(917, 139231, 74, 1128),
(918, 139231, 49, 432),
(919, 139231, 7, 1692),
(920, 139232, 74, 846),
(921, 139232, 36, 621),
(922, 139232, 32, 304),
(923, 139232, 7, 1269),
(924, 139233, 32, 523),
(925, 139233, 74, 846),
(926, 139233, 40, 403),
(927, 139233, 7, 1269),
(928, 139235, 36, 273),
(929, 139235, 74, 635),
(930, 139235, 32, 421),
(931, 139235, 7, 952),
(932, 139236, 40, 744),
(933, 139236, 32, 992),
(934, 139236, 7, 952),
(935, 139237, 49, 794),
(936, 139237, 36, 943),
(937, 139237, 7, 952),
(938, 139238, 36, 546),
(939, 139238, 32, 1191),
(940, 139238, 7, 952),
(941, 139239, 36, 794),
(942, 139239, 49, 943),
(943, 139239, 7, 952),
(944, 139242, 73, 736),
(945, 139242, 32, 325),
(946, 139242, 49, 550),
(947, 139242, 7, 1104),
(948, 139243, 73, 736),
(949, 139243, 36, 325),
(950, 139243, 32, 550),
(951, 139243, 7, 1104),
(952, 139246, 5, 981),
(953, 139246, 32, 433),
(954, 139246, 49, 734),
(955, 139246, 7, 1471),
(956, 139248, 32, 228),
(957, 139248, 36, 466),
(958, 139248, 71, 635),
(959, 139248, 7, 952),
(960, 139321, 36, 882),
(961, 139322, 5, 1073),
(962, 139323, 73, 1073),
(963, 139325, 49, 882),
(964, 139328, 4, 1073),
(965, 139329, 3, 1073),
(966, 139330, 40, 882),
(967, 139332, 36, 595),
(968, 139332, 32, 1141),
(969, 139332, 7, 952),
(970, 139335, 49, 882),
(971, 139684, 4, 894),
(972, 139684, 40, 441),
(973, 139684, 49, 682),
(974, 139684, 7, 1340),
(975, 139726, 73, 894),
(976, 139726, 36, 779),
(977, 139726, 49, 345),
(978, 139726, 7, 1340),
(979, 139730, 73, 503),
(980, 139730, 32, 370),
(981, 139730, 40, 261),
(982, 139730, 7, 754),
(983, 139738, 73, 503),
(984, 139738, 49, 424),
(985, 139738, 32, 208),
(986, 139738, 7, 754),
(987, 140005, 32, 386),
(988, 140005, 49, 871),
(989, 140005, 74, 1182),
(990, 140005, 7, 1773),
(991, 140015, 32, 563),
(992, 140015, 36, 250),
(993, 140015, 74, 611),
(994, 140015, 7, 916),
(995, 140030, 32, 834),
(996, 140996, 73, 929),
(997, 140996, 49, 398),
(998, 140996, 36, 563),
(999, 140996, 7, 1393),
(1000, 141432, 73, 1068),
(1001, 141432, 32, 617),
(1002, 141432, 36, 399),
(1003, 141432, 7, 1601),
(1004, 141438, 36, 1035),
(1005, 141438, 32, 871),
(1006, 141438, 7, 1201),
(1007, 141473, 49, 1307),
(1008, 141473, 40, 599),
(1009, 141473, 7, 1201),
(1010, 141482, 40, 807),
(1011, 141482, 49, 807),
(1012, 141482, 32, 807),
(1013, 141482, 36, 807),
(1014, 141533, 36, 1144),
(1015, 141533, 32, 762),
(1016, 141533, 7, 1201),
(1017, 141543, 40, 233),
(1018, 141543, 32, 528),
(1019, 141543, 71, 801),
(1020, 141543, 7, 1201),
(1021, 141549, 73, 572),
(1022, 141549, 36, 267),
(1023, 141549, 49, 495),
(1024, 141549, 7, 858),
(1025, 141647, 32, 446),
(1026, 141647, 49, 854),
(1027, 141647, 7, 586),
(1028, 141696, 40, 744),
(1029, 141696, 32, 992),
(1030, 141696, 7, 952),
(1031, 135771, 73, 853),
(1032, 135771, 7, 1280),
(1033, 135771, 73, 853),
(1034, 135771, 7, 1280),
(1035, 135771, 73, 853),
(1036, 135771, 7, 1280),
(1037, 135771, 73, 853),
(1038, 135771, 7, 1280),
(1039, 135771, 73, 853),
(1040, 135771, 7, 1280),
(1041, 135771, 73, 853),
(1042, 135771, 7, 1280),
(1043, 135771, 73, 853),
(1044, 135771, 7, 1280),
(1045, 135771, 73, 853),
(1046, 135771, 7, 1280),
(1047, 135771, 73, 853),
(1048, 135771, 7, 1280),
(1049, 135771, 73, 853),
(1050, 135771, 7, 1280),
(1051, 135802, 40, 842),
(1052, 135802, 49, 709),
(1053, 135802, 7, 719),
(1054, 137073, 73, 1479),
(1055, 137073, 49, 413),
(1056, 137073, 36, 745),
(1057, 137073, 7, 2219),
(1058, 135773, 73, 640),
(1059, 135773, 7, 960),
(1060, 134285, 73, 894),
(1061, 134285, 49, 707),
(1062, 134285, 36, 418),
(1063, 134285, 7, 1340),
(1064, 135768, 73, 853),
(1065, 135768, 7, 1280),
(1066, 136168, 73, 853),
(1067, 136168, 7, 1280),
(1068, 135913, 71, 480),
(1069, 135913, 7, 719),
(1070, 136892, 71, 480),
(1071, 136892, 7, 719),
(1072, 135800, 71, 480),
(1073, 135800, 7, 719),
(1074, 136896, 71, 480),
(1075, 136896, 7, 719),
(1076, 137102, 73, 1110),
(1077, 137102, 49, 372),
(1078, 137102, 36, 496),
(1079, 137102, 7, 1665),
(1080, 136195, 73, 480),
(1081, 136195, 7, 719),
(1082, 135775, 73, 480),
(1083, 135775, 7, 719),
(1084, 136194, 73, 640),
(1085, 136194, 7, 960),
(1086, 135774, 73, 640),
(1087, 135774, 7, 960),
(1088, 136776, 32, 532),
(1089, 136776, 73, 736),
(1090, 136776, 49, 344),
(1091, 136776, 7, 1103),
(1092, 136191, 73, 853),
(1093, 136191, 7, 1280),
(1094, 135772, 73, 853),
(1095, 135772, 7, 1280),
(1096, 136167, 73, 853),
(1097, 136167, 7, 1280),
(1098, 130309, 36, 859),
(1099, 130309, 49, 394),
(1100, 130309, 7, 565),
(1101, 135682, 40, 931),
(1102, 135682, 32, 620),
(1103, 135682, 7, 719),
(1104, 136247, 40, 931),
(1105, 136247, 32, 620),
(1106, 136247, 7, 719),
(1107, 135799, 40, 931),
(1108, 135799, 36, 620),
(1109, 135799, 7, 719),
(1110, 136255, 40, 931),
(1111, 136255, 49, 620),
(1112, 136255, 7, 719),
(1113, 134487, 36, 469),
(1114, 134487, 49, 1172),
(1115, 134487, 7, 828),
(1116, 135795, 40, 931),
(1117, 135795, 32, 620),
(1118, 135795, 7, 719),
(1119, 135808, 7, 960),
(1120, 136257, 3, 811),
(1121, 135809, 40, 788),
(1122, 136260, 7, 960),
(1123, 128306, 32, 346),
(1124, 128306, 49, 332),
(1125, 128306, 5, 3297),
(1126, 128306, 7, 766),
(1127, 128935, 32, 148),
(1128, 128935, 49, 142),
(1129, 128935, 5, 3003),
(1130, 128935, 7, 328),
(1131, 128911, 32, 148),
(1132, 128911, 49, 142),
(1133, 128911, 5, 3003),
(1134, 128911, 7, 328),
(1135, 128936, 32, 194),
(1136, 128936, 49, 187),
(1137, 128936, 5, 287),
(1138, 128936, 7, 431),
(1139, 128859, 32, 148),
(1140, 128859, 49, 142),
(1141, 128859, 3, 219),
(1142, 128859, 7, 328),
(1143, 135778, 5, 853),
(1144, 135778, 7, 1280),
(1145, 137341, 32, 483),
(1146, 137341, 36, 684),
(1147, 137341, 5, 981),
(1148, 137341, 7, 1471),
(1149, 133971, 32, 882),
(1150, 133971, 36, 662),
(1151, 133971, 5, 1973),
(1152, 133971, 7, 2959),
(1153, 135650, 3, 853),
(1154, 135650, 7, 1280),
(1155, 139684, 40, 441),
(1156, 139684, 49, 682),
(1157, 139684, 4, 894),
(1158, 139684, 7, 1340),
(1159, 136250, 40, 842),
(1160, 136250, 36, 709),
(1161, 136250, 7, 719),
(1162, 139101, 36, 1039),
(1163, 139101, 32, 542),
(1164, 139101, 7, 754),
(1165, 136250, 40, 842),
(1166, 136250, 36, 709),
(1167, 136250, 7, 719),
(1168, 136137, 40, 842),
(1169, 136137, 36, 709),
(1170, 136137, 7, 719),
(1171, 135685, 40, 842),
(1172, 135685, 36, 709),
(1173, 135685, 7, 719),
(1174, 136156, 4, 853),
(1175, 136156, 7, 1280),
(1176, 135897, 4, 853),
(1177, 135897, 7, 1280),
(1178, 135607, 3, 853),
(1179, 135607, 7, 1280),
(1180, 139074, 49, 180),
(1181, 139074, 36, 452),
(1182, 139074, 71, 503),
(1183, 139074, 7, 754),
(1184, 136135, 71, 480),
(1185, 136135, 7, 719),
(1186, 136891, 71, 480),
(1187, 136891, 7, 719),
(1188, 136893, 71, 480),
(1189, 136893, 7, 719),
(1190, 136891, 71, 480),
(1191, 136891, 7, 719),
(1192, 137092, 32, 496),
(1193, 137092, 73, 1110),
(1194, 137092, 36, 372),
(1195, 137092, 7, 1665),
(1196, 135719, 73, 480),
(1197, 135719, 7, 719),
(1198, 139738, 32, 208),
(1199, 139738, 73, 503),
(1200, 139738, 49, 424),
(1201, 139738, 7, 754),
(1202, 135711, 4, 480),
(1203, 135711, 7, 719),
(1204, 132448, 32, 559),
(1205, 132448, 4, 1110),
(1206, 132448, 36, 310),
(1207, 132448, 7, 1665),
(1208, 135654, 3, 480),
(1209, 135654, 7, 719),
(1210, 135614, 3, 480),
(1211, 135614, 7, 719),
(1212, 135782, 5, 640),
(1213, 135782, 7, 960),
(1214, 137086, 32, 413),
(1215, 137086, 74, 1479),
(1216, 137086, 36, 745),
(1217, 137086, 7, 2219),
(1218, 135782, 5, 640),
(1219, 135782, 7, 960),
(1220, 139198, 73, 846),
(1221, 139198, 49, 324),
(1222, 139198, 36, 602),
(1223, 139198, 7, 1269),
(1224, 135758, 5, 640),
(1225, 135758, 7, 960),
(1226, 139198, 73, 846),
(1227, 139198, 49, 324),
(1228, 139198, 36, 602),
(1229, 139198, 7, 1269),
(1230, 139243, 32, 550),
(1231, 139243, 73, 736),
(1232, 139243, 36, 325),
(1233, 139243, 7, 1104),
(1234, 139198, 73, 846),
(1235, 139198, 49, 324),
(1236, 139198, 36, 602),
(1237, 139198, 7, 1269),
(1238, 138879, 73, 1479),
(1239, 138879, 49, 662),
(1240, 138879, 36, 496),
(1241, 138879, 7, 2219),
(1242, 139198, 73, 846),
(1243, 139198, 49, 324),
(1244, 139198, 36, 602),
(1245, 139198, 7, 1269),
(1246, 135710, 4, 640),
(1247, 135710, 7, 960),
(1248, 135903, 4, 640),
(1249, 135903, 7, 960),
(1250, 135613, 3, 640),
(1251, 135613, 7, 960),
(1252, 134251, 40, 259),
(1253, 134251, 73, 670),
(1254, 134251, 49, 584),
(1255, 134251, 7, 1005),
(1256, 135748, 74, 853),
(1257, 135748, 7, 1280),
(1258, 134271, 49, 803),
(1259, 134271, 74, 894),
(1260, 134271, 36, 321),
(1261, 134271, 7, 1340),
(1262, 135708, 4, 853),
(1263, 135708, 7, 1280),
(1264, 136164, 73, 640),
(1265, 136164, 7, 960),
(1266, 132443, 49, 745),
(1267, 132443, 74, 1479),
(1268, 132443, 36, 413),
(1269, 132443, 7, 2219),
(1270, 137028, 32, 662),
(1271, 137028, 73, 1479),
(1272, 137028, 49, 496),
(1273, 137028, 7, 2219),
(1274, 137022, 32, 413),
(1275, 137022, 3, 1479),
(1276, 137022, 36, 745),
(1277, 137022, 7, 2219),
(1278, 137482, 32, 513),
(1279, 137482, 74, 736),
(1280, 137482, 36, 363),
(1281, 137482, 7, 1104),
(1282, 135705, 4, 640),
(1283, 135705, 7, 960),
(1284, 137030, 49, 496),
(1285, 137030, 3, 1479),
(1286, 137030, 36, 662),
(1287, 137030, 7, 2219),
(1288, 139065, 36, 994),
(1289, 139065, 49, 587),
(1290, 139065, 7, 754),
(1291, 135686, 40, 931),
(1292, 135686, 36, 620),
(1293, 135686, 7, 719),
(1294, 133638, 32, 703),
(1295, 133638, 49, 938),
(1296, 133638, 7, 828),
(1297, 137044, 32, 1241),
(1298, 137044, 49, 931),
(1299, 137044, 7, 1665),
(1300, 135908, 40, 931),
(1301, 135908, 32, 620),
(1302, 135908, 7, 719),
(1303, 136263, 5, 811),
(1304, 136037, 5, 811),
(1305, 135699, 40, 788),
(1306, 136267, 40, 788),
(1307, 135928, 40, 788),
(1308, 135810, 5, 811),
(1309, 136259, 32, 788),
(1310, 136149, 5, 811),
(1311, 139328, 4, 1073),
(1312, 135696, 40, 788),
(1313, 137349, 49, 834),
(1314, 128941, 49, 340),
(1315, 128941, 36, 340),
(1316, 128941, 5, 3297),
(1317, 128941, 7, 766),
(1318, 128942, 49, 340),
(1319, 128942, 36, 340),
(1320, 128942, 5, 3297),
(1321, 128942, 7, 766),
(1322, 128827, 32, 148),
(1323, 128827, 49, 142),
(1324, 128827, 5, 3003),
(1325, 128827, 7, 328),
(1326, 128862, 49, 340),
(1327, 128862, 36, 340),
(1328, 128862, 5, 3297),
(1329, 128862, 7, 766),
(1330, 128910, 32, 346),
(1331, 128910, 49, 332),
(1332, 128910, 4, 511),
(1333, 128910, 7, 766),
(1334, 128908, 32, 346),
(1335, 128908, 49, 332),
(1336, 128908, 4, 511),
(1337, 128908, 7, 766),
(1338, 128938, 49, 340),
(1339, 128938, 3, 511),
(1340, 128938, 36, 340),
(1341, 128938, 7, 766),
(1342, 128402, 32, 346),
(1343, 128402, 49, 332),
(1344, 128402, 4, 511),
(1345, 128402, 7, 766),
(1346, 128910, 32, 346),
(1347, 128910, 49, 332),
(1348, 128910, 4, 511),
(1349, 128910, 7, 766),
(1350, 128826, 32, 346),
(1351, 128826, 49, 332),
(1352, 128826, 3, 511),
(1353, 128826, 7, 766),
(1354, 133958, 32, 117),
(1355, 133958, 36, 265),
(1356, 133958, 5, 287),
(1357, 133958, 7, 431),
(1358, 134553, 32, 346),
(1359, 134553, 49, 332),
(1360, 134553, 4, 511),
(1361, 134553, 7, 766),
(1362, 133948, 32, 148),
(1363, 133948, 49, 142),
(1364, 133948, 3, 219),
(1365, 133948, 7, 328),
(1366, 136209, 5, 640),
(1367, 136209, 7, 960),
(1368, 135717, 73, 640),
(1369, 135717, 7, 960),
(1370, 135966, 73, 640),
(1371, 135966, 7, 960),
(1372, 139232, 32, 304),
(1373, 139232, 74, 846),
(1374, 139232, 36, 621),
(1375, 139232, 7, 1269),
(1376, 139232, 32, 304),
(1377, 139232, 74, 846),
(1378, 139232, 36, 621),
(1379, 139232, 7, 1269),
(1380, 139232, 32, 304),
(1381, 139232, 74, 846),
(1382, 139232, 36, 621),
(1383, 139232, 7, 1269),
(1384, 135612, 3, 640),
(1385, 135612, 7, 960),
(1386, 134539, 40, 750),
(1387, 134539, 49, 891),
(1388, 134539, 7, 828),
(1389, 133679, 32, 984),
(1390, 133679, 49, 656),
(1391, 133679, 7, 828),
(1392, 132452, 36, 620),
(1393, 132452, 32, 1552),
(1394, 132452, 7, 1665),
(1395, 132452, 36, 620),
(1396, 132452, 32, 1552),
(1397, 132452, 7, 1665),
(1398, 136189, 73, 640),
(1399, 136189, 7, 960),
(1400, 139242, 32, 325),
(1401, 139242, 73, 736),
(1402, 139242, 49, 550),
(1403, 139242, 7, 1104),
(1404, 135746, 74, 640),
(1405, 135746, 7, 960),
(1406, 139202, 32, 343),
(1407, 139202, 73, 846),
(1408, 139202, 36, 582),
(1409, 139202, 7, 1269),
(1410, 135963, 73, 640),
(1411, 135963, 7, 960),
(1412, 137060, 32, 496),
(1413, 137060, 4, 1479),
(1414, 137060, 36, 662),
(1415, 137060, 7, 2219),
(1416, 137509, 73, 736),
(1417, 137509, 49, 569),
(1418, 137509, 36, 306),
(1419, 137509, 7, 1103),
(1420, 139202, 32, 343),
(1421, 139202, 73, 846),
(1422, 139202, 36, 582),
(1423, 139202, 7, 1269),
(1424, 139202, 32, 343),
(1425, 139202, 73, 846),
(1426, 139202, 36, 582),
(1427, 139202, 7, 1269),
(1428, 134268, 49, 530),
(1429, 134268, 74, 670),
(1430, 134268, 36, 313),
(1431, 134268, 7, 1005),
(1432, 135649, 3, 640),
(1433, 135649, 7, 960),
(1434, 135673, 4, 640),
(1435, 135673, 7, 960),
(1436, 135609, 3, 640),
(1437, 135609, 7, 960);

--
-- Indexes for dumped tables
--

--
-- Indexes for table `characters`
--
ALTER TABLE `characters`
  ADD PRIMARY KEY (`id`);

--
-- Indexes for table `character_items`
--
ALTER TABLE `character_items`
  ADD PRIMARY KEY (`id`);

--
-- Indexes for table `classes`
--
ALTER TABLE `classes`
  ADD PRIMARY KEY (`id`);

--
-- Indexes for table `items`
--
ALTER TABLE `items`
  ADD UNIQUE KEY `id` (`id`);

--
-- Indexes for table `races`
--
ALTER TABLE `races`
  ADD PRIMARY KEY (`id`);

--
-- Indexes for table `stats`
--
ALTER TABLE `stats`
  ADD PRIMARY KEY (`id`);

--
-- AUTO_INCREMENT for dumped tables
--

--
-- AUTO_INCREMENT for table `characters`
--
ALTER TABLE `characters`
  MODIFY `id` int(4) NOT NULL AUTO_INCREMENT,AUTO_INCREMENT=65;
--
-- AUTO_INCREMENT for table `character_items`
--
ALTER TABLE `character_items`
  MODIFY `id` int(4) NOT NULL AUTO_INCREMENT,AUTO_INCREMENT=88;
--
-- AUTO_INCREMENT for table `classes`
--
ALTER TABLE `classes`
  MODIFY `id` int(4) NOT NULL AUTO_INCREMENT,AUTO_INCREMENT=13;
--
-- AUTO_INCREMENT for table `races`
--
ALTER TABLE `races`
  MODIFY `id` int(4) NOT NULL AUTO_INCREMENT,AUTO_INCREMENT=16;
--
-- AUTO_INCREMENT for table `stats`
--
ALTER TABLE `stats`
  MODIFY `id` int(4) NOT NULL AUTO_INCREMENT,AUTO_INCREMENT=1438;